"","spotId","cellCount","V2","V3","V4","V5","V6"
"AAACCGTTCGTCCAGG-1","AAACCGTTCGTCCAGG-1",28,1,52,42,7307,4116
"AAACCTAAGCAGCCGG-1","AAACCTAAGCAGCCGG-1",13,1,65,83,8874,6932
"AAACGAGACGGTTGAT-1","AAACGAGACGGTTGAT-1",20,1,35,79,5281,6669
"AAACGGTTGCGAACTG-1","AAACGGTTGCGAACTG-1",13,1,67,59,9107,5279
"AAACTCGGTTCGCAAT-1","AAACTCGGTTCGCAAT-1",20,1,66,70,8990,6037
"AAACTGCTGGCTCCAA-1","AAACTGCTGGCTCCAA-1",21,1,45,67,6475,5839
"AAAGGCTACGGACCAT-1","AAAGGCTACGGACCAT-1",23,1,62,54,8507,4937
"AAAGGCTCTCGCGCCG-1","AAAGGCTCTCGCGCCG-1",24,1,55,55,7669,5009
"AAAGGGATGTAGCAAG-1","AAAGGGATGTAGCAAG-1",19,1,24,62,3959,5504
"AAAGTGTGATTTATCT-1","AAAGTGTGATTTATCT-1",14,1,44,94,6362,7698
"AAAGTTGACTCCCGTA-1","AAAGTTGACTCCCGTA-1",14,1,42,96,6123,7836
"AAATACCTATAAGCAT-1","AAATACCTATAAGCAT-1",26,1,47,69,6715,5976
"AAATAGGGTGCTATTG-1","AAATAGGGTGCTATTG-1",21,1,53,79,7436,6661
"AAATCGTGTACCACAA-1","AAATCGTGTACCACAA-1",21,1,44,56,6353,5083
"AAATGGTCAATGTGCC-1","AAATGGTCAATGTGCC-1",29,1,33,51,5034,4743
"AAATTAACGGGTAGCT-1","AAATTAACGGGTAGCT-1",25,1,34,58,5156,5225
"AAATTTGCGGGTGTGG-1","AAATTTGCGGGTGTGG-1",30,1,47,33,6706,3499
"AACAACTGGTAGTTGC-1","AACAACTGGTAGTTGC-1",21,1,28,42,4433,4126
"AACACACGCTCGCCGC-1","AACACACGCTCGCCGC-1",14,1,51,93,7200,7626
"AACATTGTGACTCGAG-1","AACATTGTGACTCGAG-1",19,1,64,52,8746,4799
"AACCCTACTGTCAATA-1","AACCCTACTGTCAATA-1",18,1,40,96,5884,7837
"AACCGAGCTTGGTCAT-1","AACCGAGCTTGGTCAT-1",13,1,24,70,3961,6055
"AACCGCTAAGGGATGC-1","AACCGCTAAGGGATGC-1",15,1,46,92,6601,7559
"AACCTCGCTTTAGCCC-1","AACCTCGCTTTAGCCC-1",15,1,62,82,8514,6864
"AACCTTTAAATACGGT-1","AACCTTTAAATACGGT-1",16,1,54,68,7553,5904
"AACGATAATGCCGTAG-1","AACGATAATGCCGTAG-1",22,1,53,73,7434,6249
"AACGATATGTCAACTG-1","AACGATATGTCAACTG-1",15,1,24,76,3963,6468
"AACGCGACCTTGGGCG-1","AACGCGACCTTGGGCG-1",20,1,67,53,9106,4866
"AACGCGGTCTCCAGCC-1","AACGCGGTCTCCAGCC-1",16,1,23,65,3840,5711
"AACGCTGTTGCTGAAA-1","AACGCTGTTGCTGAAA-1",12,1,54,94,7559,7693
"AACGGACGTACGTATA-1","AACGGACGTACGTATA-1",15,1,50,92,7080,7557
"AACGGCCATCTCCGGT-1","AACGGCCATCTCCGGT-1",22,1,47,39,6707,3912
"AACGTACTGTGGGTAC-1","AACGTACTGTGGGTAC-1",17,1,48,42,6828,4118
"AACGTGCGAAAGTCTC-1","AACGTGCGAAAGTCTC-1",15,1,36,74,5399,6325
"AACTAGGCTTGGGTGT-1","AACTAGGCTTGGGTGT-1",23,1,55,61,7671,5422
"AACTCAAGTTAATTGC-1","AACTCAAGTTAATTGC-1",18,1,38,44,5631,4260
"AACTCCAGAGCGTGTT-1","AACTCCAGAGCGTGTT-1",0,1,60,92,8277,7553
"AACTCTCAATAGAGCG-1","AACTCTCAATAGAGCG-1",18,1,35,93,5284,7633
"AACTCTCAGTGTGCTC-1","AACTCTCAGTGTGCTC-1",27,1,53,41,7426,4047
"AACTGGGTCCCGACGT-1","AACTGGGTCCCGACGT-1",18,1,20,66,3481,5781
"AAGACCCAACTGAACA-1","AAGACCCAACTGAACA-1",15,1,60,54,8268,4938
"AAGACTGCAAGCTACT-1","AAGACTGCAAGCTACT-1",17,1,36,68,5398,5912
"AAGAGCTCTTTATCGG-1","AAGAGCTCTTTATCGG-1",13,1,35,77,5280,6532
"AAGAGGCATGGATCGC-1","AAGAGGCATGGATCGC-1",9,1,36,80,5401,6738
"AAGATGGCACCGGACC-1","AAGATGGCACCGGACC-1",26,1,59,39,8144,3906
"AAGATTGGCGGAACGT-1","AAGATTGGCGGAACGT-1",15,1,26,90,4206,7430
"AAGCACCCTGCGTATC-1","AAGCACCCTGCGTATC-1",22,1,59,73,8153,6246
"AAGCATACTCTCCTGA-1","AAGCATACTCTCCTGA-1",23,1,53,69,7433,5973
"AAGCGCAGGGCTTTGA-1","AAGCGCAGGGCTTTGA-1",16,1,67,73,9111,6243
"AAGCTAGATCGAGTAA-1","AAGCTAGATCGAGTAA-1",22,1,50,68,7074,5906
"AAGCTCGTGCCAAGTC-1","AAGCTCGTGCCAAGTC-1",15,1,35,73,5279,6256
"AAGCTCTTTCATGGTG-1","AAGCTCTTTCATGGTG-1",18,1,57,81,7915,6797
"AAGGAGCGGTTGGTGC-1","AAGGAGCGGTTGGTGC-1",18,1,28,48,4435,4539
"AAGGATGAGGGACCTC-1","AAGGATGAGGGACCTC-1",14,1,27,87,4325,7223
"AAGGCTGTGCTCATCG-1","AAGGCTGTGCTCATCG-1",19,1,30,46,4674,4401
"AAGGGACAGATTCTGT-1","AAGGGACAGATTCTGT-1",19,1,26,92,4206,7568
"AAGGTATCCTAATATA-1","AAGGTATCCTAATATA-1",11,1,25,81,4084,6811
"AAGGTGATAAACCAGC-1","AAGGTGATAAACCAGC-1",11,1,44,92,6362,7560
"AAGTCAATTGTCGTCA-1","AAGTCAATTGTCGTCA-1",2,1,45,101,6484,8179
"AAGTGAGTCGGGTTTA-1","AAGTGAGTCGGGTTTA-1",21,1,62,48,8506,4524
"AAGTGTTTGGAGACGG-1","AAGTGTTTGGAGACGG-1",19,1,52,80,7316,6731
"AAGTTCACTCCAAGCT-1","AAGTTCACTCCAAGCT-1",16,1,57,85,7916,7073
"AAGTTCGGCCAACAGG-1","AAGTTCGGCCAACAGG-1",29,1,46,34,6586,3568
"AAGTTTATGGGCCCAA-1","AAGTTTATGGGCCCAA-1",16,1,68,70,9230,6036
"AATAACACTAGAACAA-1","AATAACACTAGAACAA-1",18,1,52,38,7306,3841
"AATAGAACAGAGTGGC-1","AATAGAACAGAGTGGC-1",29,1,52,46,7308,4391
"AATAGAATCTGTTTCA-1","AATAGAATCTGTTTCA-1",17,1,48,86,6839,7145
"AATAGTCCGTCCCGAC-1","AATAGTCCGTCCCGAC-1",19,1,57,57,7909,5146
"AATCGCCTCAGCGCCA-1","AATCGCCTCAGCGCCA-1",22,1,39,79,5760,6668
"AATCTGCGTTGGGACG-1","AATCTGCGTTGGGACG-1",21,1,32,92,4925,7565
"AATGACAGCAATGTCT-1","AATGACAGCAATGTCT-1",31,1,48,30,6825,3292
"AATGACGTAGGATGTC-1","AATGACGTAGGATGTC-1",15,1,44,78,6358,6597
"AATGCAACCGGGTACC-1","AATGCAACCGGGTACC-1",12,1,25,59,4078,5297
"AATTAAAGGTCGGCGT-1","AATTAAAGGTCGGCGT-1",19,1,40,50,5872,4672
"AATTAACGGATTTCCA-1","AATTAACGGATTTCCA-1",21,1,58,66,8031,5765
"AATTAGCGCTGCAGCG-1","AATTAGCGCTGCAGCG-1",20,1,51,63,7192,5561
"AATTCCAAGCATGTAC-1","AATTCCAAGCATGTAC-1",22,1,66,58,8987,5211
"AATTCGATTCGAGGAT-1","AATTCGATTCGAGGAT-1",15,1,66,76,8992,6449
"AATTCTAGAGTTAGGC-1","AATTCTAGAGTTAGGC-1",27,1,49,63,6953,5562
"AATTGAACGCTCTGGT-1","AATTGAACGCTCTGGT-1",12,1,45,83,6479,6940
"ACAAATCGCACCGAAT-1","ACAAATCGCACCGAAT-1",18,1,50,82,7077,6869
"ACAAATGGTAGTGTTT-1","ACAAATGGTAGTGTTT-1",16,1,44,84,6360,7009
"ACAACAGCATGAGCTA-1","ACAACAGCATGAGCTA-1",15,1,32,72,4920,6189
"ACAAGGAAATCCGCCC-1","ACAAGGAAATCCGCCC-1",18,1,49,75,6956,6388
"ACAAGGATGCTTTAGG-1","ACAAGGATGCTTTAGG-1",18,1,61,87,8396,7209
"ACAAGGGCAGGCTCTG-1","ACAAGGGCAGGCTCTG-1",14,1,44,76,6358,6459
"ACAATCCATTTAAACC-1","ACAATCCATTTAAACC-1",28,1,36,32,5389,3435
"ACAATTGTGTCTCTTT-1","ACAATTGTGTCTCTTT-1",17,1,51,97,7201,7901
"ACAATTTGAGCAGTGG-1","ACAATTTGAGCAGTGG-1",21,1,28,82,4443,6879
"ACACAAAGACGGGTGG-1","ACACAAAGACGGGTGG-1",12,1,24,56,3958,5091
"ACACACCAGGACCAGT-1","ACACACCAGGACCAGT-1",16,1,44,90,6361,7422
"ACACCCAGCATGCAGC-1","ACACCCAGCATGCAGC-1",13,1,24,50,3956,4679
"ACACGAGACTCCTTCT-1","ACACGAGACTCCTTCT-1",15,1,31,71,4800,6121
"ACACGGGAACTTAGGG-1","ACACGGGAACTTAGGG-1",22,1,27,71,4321,6122
"ACACTGATCAAGGTGT-1","ACACTGATCAAGGTGT-1",17,1,52,48,7308,4529
"ACAGGCTTGCCCGACT-1","ACAGGCTTGCCCGACT-1",14,1,53,87,7438,7212
"ACAGGTGGAGGTGAGG-1","ACAGGTGGAGGTGAGG-1",21,1,51,39,7186,3910
"ACATAATAAGGCGGTG-1","ACATAATAAGGCGGTG-1",21,1,21,63,3600,5574
"ACATCCCGGCCATACG-1","ACATCCCGGCCATACG-1",21,1,55,57,7670,5147
"ACATCGATCGTTTACC-1","ACATCGATCGTTTACC-1",20,1,42,62,6115,5496
"ACATCGGTCAGCCGCG-1","ACATCGGTCAGCCGCG-1",33,1,41,37,5989,3777
"ACATCGTATGCAATGG-1","ACATCGTATGCAATGG-1",19,1,45,81,6479,6803
"ACATTAGTTTATATCC-1","ACATTAGTTTATATCC-1",26,1,51,61,7192,5424
"ACCAACGCTTATTTAT-1","ACCAACGCTTATTTAT-1",25,1,53,49,7428,4597
"ACCAATATGCAAGTTA-1","ACCAATATGCAAGTTA-1",13,1,56,78,7795,6591
"ACCACAAGTTTCTATC-1","ACCACAAGTTTCTATC-1",17,1,30,54,4676,4951
"ACCACGTGCAGCTATA-1","ACCACGTGCAGCTATA-1",28,1,48,76,6836,6457
"ACCAGTGCGGGAGACG-1","ACCAGTGCGGGAGACG-1",15,1,48,94,6841,7696
"ACCATATCCGCAATAA-1","ACCATATCCGCAATAA-1",20,1,38,56,5634,5085
"ACCATCGTATATGGTA-1","ACCATCGTATATGGTA-1",27,1,42,42,6110,4120
"ACCCAACGCCCGTGGC-1","ACCCAACGCCCGTGGC-1",17,1,30,86,4684,7153
"ACCCATCTTGAGGGTA-1","ACCCATCTTGAGGGTA-1",26,1,37,37,5510,3778
"ACCCGGAAACTCCCAG-1","ACCCGGAAACTCCCAG-1",21,1,57,65,7911,5696
"ACCCGGATGACGCATC-1","ACCCGGATGACGCATC-1",15,1,38,100,5645,8113
"ACCCGGTTACACTTCC-1","ACCCGGTTACACTTCC-1",21,1,42,48,6111,4533
"ACCCGTGTCATCAGTA-1","ACCCGTGTCATCAGTA-1",21,1,58,54,8028,4939
"ACCCTATGCCATATCG-1","ACCCTATGCCATATCG-1",30,1,56,40,7785,3976
"ACCCTCCCTTGCTATT-1","ACCCTCCCTTGCTATT-1",20,1,48,84,6838,7008
"ACCGACACATCTCCCA-1","ACCGACACATCTCCCA-1",20,1,61,67,8391,5832
"ACCGACTGAGTCCCAC-1","ACCGACTGAGTCCCAC-1",21,1,28,66,4439,5778
"ACCGATGGTAGCATCG-1","ACCGATGGTAGCATCG-1",11,1,36,92,5404,7563
"ACCGCAATAACTGCCT-1","ACCGCAATAACTGCCT-1",11,1,51,79,7196,6662
"ACCGGGCCTTTGTTGA-1","ACCGGGCCTTTGTTGA-1",11,1,46,98,6602,7972
"ACCTAAGTACCTTTCA-1","ACCTAAGTACCTTTCA-1",27,1,50,30,7064,3291
"ACCTACTATAAATCTA-1","ACCTACTATAAATCTA-1",12,1,68,58,9227,5210
"ACGATACATAGAACTA-1","ACGATACATAGAACTA-1",18,1,22,80,3724,6744
"ACGATCATACATAGAG-1","ACGATCATACATAGAG-1",14,1,25,63,4079,5573
"ACGATGCATATGTTAT-1","ACGATGCATATGTTAT-1",24,1,37,43,5511,4191
"ACGCAAACTAATAGAT-1","ACGCAAACTAATAGAT-1",27,1,63,47,8625,4455
"ACGCATTCGTGAGTAC-1","ACGCATTCGTGAGTAC-1",24,1,33,61,5037,5432
"ACGCCGCTAGACGACC-1","ACGCCGCTAGACGACC-1",20,1,43,71,6237,6115
"ACGCGAAGTCAGACGA-1","ACGCGAAGTCAGACGA-1",29,1,49,59,6952,5287
"ACGCGCTACACAGGGT-1","ACGCGCTACACAGGGT-1",26,1,41,31,5987,3364
"ACGCGGGCCAAGGACA-1","ACGCGGGCCAAGGACA-1",13,1,34,62,5157,5500
"ACGGACTCTCAAAGCG-1","ACGGACTCTCAAAGCG-1",21,1,61,75,8393,6383
"ACGGATGGTGCGGATA-1","ACGGATGGTGCGGATA-1",15,1,57,79,7915,6660
"ACGGCACTTGCTTGGG-1","ACGGCACTTGCTTGGG-1",23,1,52,60,7311,5354
"ACGGCCAACATGGACT-1","ACGGCCAACATGGACT-1",20,1,53,55,7430,5010
"ACGGCGACGATGGGAA-1","ACGGCGACGATGGGAA-1",13,1,49,77,6956,6526
"ACGTAGATTGCTGATG-1","ACGTAGATTGCTGATG-1",14,1,33,67,5038,5844
"ACGTATTACTCCGATC-1","ACGTATTACTCCGATC-1",20,1,41,97,6004,7905
"ACGTTAATGTCGAAGA-1","ACGTTAATGTCGAAGA-1",22,1,41,69,5997,5979
"ACGTTAGATTTGCCCG-1","ACGTTAGATTTGCCCG-1",21,1,39,39,5750,3915
"ACGTTCGTTCAGGAAA-1","ACGTTCGTTCAGGAAA-1",27,1,60,44,8265,4250
"ACTACGCGTTAGAATT-1","ACTACGCGTTAGAATT-1",12,1,60,56,8268,5076
"ACTATTTCCGGGCCCA-1","ACTATTTCCGGGCCCA-1",20,1,59,41,8145,4044
"ACTCAAGTGCAAGGCT-1","ACTCAAGTGCAAGGCT-1",15,1,60,86,8276,7140
"ACTCAATAAAGGCACG-1","ACTCAATAAAGGCACG-1",17,1,25,69,4081,5986
"ACTCCCTAATGCTAAA-1","ACTCCCTAATGCTAAA-1",9,1,57,69,7912,5972
"ACTCCCTAGAATAGTA-1","ACTCCCTAGAATAGTA-1",21,1,48,70,6835,6044
"ACTCGTCAGTAATCCC-1","ACTCGTCAGTAATCCC-1",10,1,36,78,5400,6600
"ACTCTCTGACTTAGGT-1","ACTCTCTGACTTAGGT-1",14,1,42,78,6119,6597
"ACTCTTGTATAGTAAC-1","ACTCTTGTATAGTAAC-1",16,1,36,70,5398,6050
"ACTGAAACGCCGTTAG-1","ACTGAAACGCCGTTAG-1",13,1,57,93,7918,7623
"ACTGAATGGCGAAAGT-1","ACTGAATGGCGAAAGT-1",16,1,47,83,6718,6939
"ACTGTACGATACACAT-1","ACTGTACGATACACAT-1",18,1,30,78,4682,6603
"ACTGTCCAGGATTATA-1","ACTGTCCAGGATTATA-1",22,1,33,55,5035,5019
"ACTGTCTTCTTTAGAA-1","ACTGTCTTCTTTAGAA-1",21,1,30,64,4678,5639
"ACTTACGCATCCACGC-1","ACTTACGCATCCACGC-1",24,1,58,78,8034,6590
"ACTTATACTTACCCGG-1","ACTTATACTTACCCGG-1",12,1,36,90,5403,7426
"ACTTATTAGGATCGGT-1","ACTTATTAGGATCGGT-1",28,1,38,52,5633,4810
"ACTTATTTATGTGCCA-1","ACTTATTTATGTGCCA-1",16,1,46,90,6600,7421
"ACTTCAGGCTGATCCC-1","ACTTCAGGCTGATCCC-1",15,1,51,81,7197,6800
"ACTTCCATGCGGGACA-1","ACTTCCATGCGGGACA-1",18,1,61,85,8395,7071
"ACTTCGCCATACGCAC-1","ACTTCGCCATACGCAC-1",20,1,27,75,4322,6398
"ACTTGACTCCCTCTTT-1","ACTTGACTCCCTCTTT-1",17,1,42,72,6117,6185
"ACTTGGGACCCGGTGG-1","ACTTGGGACCCGGTGG-1",16,1,29,49,4555,4608
"ACTTTCCTATAGCTTC-1","ACTTTCCTATAGCTTC-1",18,1,28,62,4438,5503
"AGAACGTGGTACATTC-1","AGAACGTGGTACATTC-1",16,1,27,73,4321,6260
"AGAAGAGCGCCGTTCC-1","AGAAGAGCGCCGTTCC-1",11,1,38,88,5642,7287
"AGAAGGTTGCCGAATT-1","AGAAGGTTGCCGAATT-1",31,1,42,44,6110,4258
"AGAAGGTTGTAGGTCG-1","AGAAGGTTGTAGGTCG-1",20,1,64,78,8753,6588
"AGAAGTGATTCGTGAT-1","AGAAGTGATTCGTGAT-1",33,1,48,28,6824,3154
"AGAATTATGGATTCGA-1","AGAATTATGGATTCGA-1",18,1,32,98,4926,7978
"AGACCCACCGCTGATC-1","AGACCCACCGCTGATC-1",23,1,49,65,6953,5700
"AGACCCGCCCTCCTCG-1","AGACCCGCCCTCCTCG-1",11,1,26,56,4197,5091
"AGACGAAGTGCCGGTC-1","AGACGAAGTGCCGGTC-1",15,1,49,97,6961,7902
"AGACGACGATGCCGCT-1","AGACGACGATGCCGCT-1",21,1,53,33,7424,3496
"AGACTAGCCTTCCAGA-1","AGACTAGCCTTCCAGA-1",19,1,28,46,4434,4402
"AGACTGTTACCGGGTC-1","AGACTGTTACCGGGTC-1",14,1,63,45,8625,4317
"AGAGAACCGTCTAGGA-1","AGAGAACCGTCTAGGA-1",9,1,26,88,4205,7293
"AGATAACTTCAGGGCC-1","AGATAACTTCAGGGCC-1",23,1,32,44,4913,4262
"AGATACCGGTGTTCAC-1","AGATACCGGTGTTCAC-1",30,1,40,38,5869,3846
"AGATACTCAAGATCGA-1","AGATACTCAAGATCGA-1",13,1,46,82,6598,6871
"AGATATAATACGACTA-1","AGATATAATACGACTA-1",24,1,64,72,8751,6175
"AGATCTCAGGTGTGAT-1","AGATCTCAGGTGTGAT-1",5,1,29,75,4561,6397
"AGATTATAGGACGTTT-1","AGATTATAGGACGTTT-1",22,1,36,54,5394,4949
"AGCAAAGGCCGCTAGT-1","AGCAAAGGCCGCTAGT-1",15,1,60,72,8272,6177
"AGCAACATATCTTATT-1","AGCAACATATCTTATT-1",14,1,41,93,6003,7630
"AGCACCAGTACTCACG-1","AGCACCAGTACTCACG-1",19,1,27,65,4319,5709
"AGCACTACCTCACCAG-1","AGCACTACCTCACCAG-1",13,1,53,81,7436,6799
"AGCAGAAGGAGAAAGA-1","AGCAGAAGGAGAAAGA-1",18,1,64,68,8750,5900
"AGCAGCCAGATGAATA-1","AGCAGCCAGATGAATA-1",13,1,56,58,7790,5215
"AGCATATCAATATGCT-1","AGCATATCAATATGCT-1",16,1,51,95,7200,7763
"AGCCAAGCTTTGTGTC-1","AGCCAAGCTTTGTGTC-1",16,1,64,58,8748,5212
"AGCCACAGGTTACCCG-1","AGCCACAGGTTACCCG-1",1,1,63,89,8636,7345
"AGCCACTCCCGTGCTT-1","AGCCACTCCCGTGCTT-1",10,1,23,81,3844,6812
"AGCCATATAGTATGTG-1","AGCCATATAGTATGTG-1",11,1,71,65,9588,5690
"AGCCCGCAACAAGCAG-1","AGCCCGCAACAAGCAG-1",18,1,68,54,9226,4935
"AGCCCGGTAGCCTGTA-1","AGCCCGGTAGCCTGTA-1",17,1,61,49,8386,4594
"AGCGACAGGAACGGTC-1","AGCGACAGGAACGGTC-1",28,1,51,37,7186,3772
"AGCGACCAACGATATT-1","AGCGACCAACGATATT-1",15,1,25,55,4077,5022
"AGCGCATAATGAATCG-1","AGCGCATAATGAATCG-1",20,1,57,55,7909,5008
"AGCGGACACTTCGTAG-1","AGCGGACACTTCGTAG-1",15,1,62,62,8509,5488
"AGCGGGTCTGACACTC-1","AGCGGGTCTGACACTC-1",16,1,66,66,8989,5761
"AGCGTGGTATTCTACT-1","AGCGTGGTATTCTACT-1",21,1,45,71,6476,6114
"AGCTAAGTACGCAGGC-1","AGCTAAGTACGCAGGC-1",17,1,64,86,8755,7138
"AGCTCCTTCGCACATC-1","AGCTCCTTCGCACATC-1",18,1,52,86,7318,7144
"AGCTCTAGACGTTCCA-1","AGCTCTAGACGTTCCA-1",18,1,38,76,5639,6462
"AGCTCTTTACTCAGTT-1","AGCTCTTTACTCAGTT-1",5,1,41,45,5991,4327
"AGCTGAAGTAAACCAA-1","AGCTGAAGTAAACCAA-1",15,1,20,84,3486,7020
"AGGAAGCTGTCCGCCG-1","AGGAAGCTGTCCGCCG-1",20,1,61,65,8390,5695
"AGGACAGTCGAATCCC-1","AGGACAGTCGAATCCC-1",19,1,43,85,6240,7079
"AGGACGACCCATTAGA-1","AGGACGACCCATTAGA-1",22,1,43,45,6230,4326
"AGGATAAAGTCGGGAT-1","AGGATAAAGTCGGGAT-1",21,1,53,65,7432,5698
"AGGATATAGGGATTTA-1","AGGATATAGGGATTTA-1",10,1,46,96,6602,7834
"AGGCAGATGCGTAAAC-1","AGGCAGATGCGTAAAC-1",14,1,26,86,4205,7155
"AGGCAGGGAGCGTACT-1","AGGCAGGGAGCGTACT-1",24,1,59,49,8147,4594
"AGGCATTGTCGTAGGG-1","AGGCATTGTCGTAGGG-1",5,1,49,99,6962,8039
"AGGCCTGAGAATCTCG-1","AGGCCTGAGAATCTCG-1",16,1,62,88,8516,7277
"AGGCTTCCCGAAGAAG-1","AGGCTTCCCGAAGAAG-1",24,1,50,42,7067,4117
"AGGGACTCTACGCGAC-1","AGGGACTCTACGCGAC-1",22,1,55,53,7669,4871
"AGGGCTGCAGTTACAG-1","AGGGCTGCAGTTACAG-1",14,1,35,65,5277,5706
"AGGGTCGATGCGAACT-1","AGGGTCGATGCGAACT-1",19,1,37,97,5525,7907
"AGGGTGCTCTCGAGGG-1","AGGGTGCTCTCGAGGG-1",10,1,34,92,5164,7564
"AGGGTTCCCTTTGGTT-1","AGGGTTCCCTTTGGTT-1",19,1,30,88,4684,7291
"AGGGTTTAGTTCGGGA-1","AGGGTTTAGTTCGGGA-1",20,1,33,63,5037,5569
"AGGTGGTGACCTTCGC-1","AGGTGGTGACCTTCGC-1",20,1,64,56,8747,5074
"AGGTTGAGGCACGCTT-1","AGGTTGAGGCACGCTT-1",16,1,22,74,3723,6331
"AGGTTTCACACACCTT-1","AGGTTTCACACACCTT-1",23,1,41,67,5996,5841
"AGTACGGGCACCTGGC-1","AGTACGGGCACCTGGC-1",20,1,25,79,4083,6674
"AGTACTCTTATGCCCA-1","AGTACTCTTATGCCCA-1",16,1,56,88,7797,7280
"AGTATACACAGCGACA-1","AGTATACACAGCGACA-1",19,1,64,48,8745,4523
"AGTATTTGGCACGACC-1","AGTATTTGGCACGACC-1",24,1,58,52,8028,4801
"AGTCAACACCACCATC-1","AGTCAACACCACCATC-1",25,1,41,47,5991,4465
"AGTCAAGATGACACTT-1","AGTCAAGATGACACTT-1",10,1,48,90,6840,7421
"AGTCCATTGGCTGATG-1","AGTCCATTGGCTGATG-1",10,1,42,100,6124,8111
"AGTCGACGGTCTCAAG-1","AGTCGACGGTCTCAAG-1",17,1,38,90,5643,7425
"AGTCGTATAAAGCAGA-1","AGTCGTATAAAGCAGA-1",15,1,65,81,8873,6794
"AGTCGTCGACCACCAA-1","AGTCGTCGACCACCAA-1",22,1,57,91,7918,7486
"AGTCGTGGGCATTACG-1","AGTCGTGGGCATTACG-1",31,1,51,29,7184,3222
"AGTCTTCTCCTCAAAT-1","AGTCTTCTCCTCAAAT-1",18,1,24,66,3960,5780
"AGTCTTTAAAGTGTCC-1","AGTCTTTAAAGTGTCC-1",13,1,67,77,9112,6518
"AGTGACCTACTTTACG-1","AGTGACCTACTTTACG-1",19,1,44,52,6352,4807
"AGTGAGACTTCCAGTA-1","AGTGAGACTTCCAGTA-1",7,1,35,87,5283,7220
"AGTGATAACCTGCGCG-1","AGTGATAACCTGCGCG-1",11,1,59,89,8157,7347
"AGTGATATGAGTAGTT-1","AGTGATATGAGTAGTT-1",20,1,45,49,6471,4601
"AGTGATTCAAGCAGGA-1","AGTGATTCAAGCAGGA-1",16,1,33,87,5043,7221
"AGTGCACGCTTAAGAA-1","AGTGCACGCTTAAGAA-1",16,1,52,96,7320,7832
"AGTGCGTAGCTCGTAA-1","AGTGCGTAGCTCGTAA-1",25,1,46,42,6588,4118
"AGTGCTTGCACGAATA-1","AGTGCTTGCACGAATA-1",12,1,41,89,6002,7355
"AGTGGCGTCTGAAGGT-1","AGTGGCGTCTGAAGGT-1",15,1,62,86,8515,7139
"AGTTAAACACTTGCGA-1","AGTTAAACACTTGCGA-1",25,1,40,44,5871,4259
"AGTTCCTACAGAATTA-1","AGTTCCTACAGAATTA-1",14,1,30,50,4675,4676
"AGTTCCTATTTATGTT-1","AGTTCCTATTTATGTT-1",20,1,43,65,6235,5702
"AGTTGACGGTCCTTGC-1","AGTTGACGGTCCTTGC-1",19,1,65,63,8869,5555
"AGTTTGCACCTGCCTC-1","AGTTTGCACCTGCCTC-1",22,1,58,74,8033,6315
"AGTTTGGCCAGACCTA-1","AGTTTGGCCAGACCTA-1",29,1,47,31,6705,3361
"ATAAACGGACCCGTAA-1","ATAAACGGACCCGTAA-1",22,1,47,61,6713,5425
"ATAAAGGCTCGGTCGT-1","ATAAAGGCTCGGTCGT-1",7,1,34,50,5154,4674
"ATAACGCCGGAGGGTC-1","ATAACGCCGGAGGGTC-1",13,1,35,81,5281,6807
"ATAACGGAGTCCAACG-1","ATAACGGAGTCCAACG-1",14,1,25,75,4082,6398
"ATAAGGTGGAGAACAT-1","ATAAGGTGGAGAACAT-1",15,1,50,72,7075,6181
"ATAAGTTACCGCGACG-1","ATAAGTTACCGCGACG-1",21,1,46,52,6591,4807
"ATAATAGCTGTTGAAT-1","ATAATAGCTGTTGAAT-1",22,1,47,63,6713,5563
"ATAATCTTGGAGAACC-1","ATAATCTTGGAGAACC-1",23,1,61,77,8393,6520
"ATAATTAGCTAAGTAG-1","ATAATTAGCTAAGTAG-1",18,1,64,64,8749,5624
"ATACCTAACCAAGAAA-1","ATACCTAACCAAGAAA-1",25,1,58,64,8031,5627
"ATACGCCGGCGAAACC-1","ATACGCCGGCGAAACC-1",15,1,40,78,5879,6598
"ATACGGGTTTCGATTG-1","ATACGGGTTTCGATTG-1",13,1,22,82,3725,6881
"ATACGTACTTAGCCAC-1","ATACGTACTTAGCCAC-1",18,1,55,77,7675,6523
"ATACGTCCACTCCTGT-1","ATACGTCCACTCCTGT-1",20,1,47,93,6721,7627
"ATACGTTATGCACGGA-1","ATACGTTATGCACGGA-1",18,1,63,63,8629,5556
"ATACTAGCATGACCCT-1","ATACTAGCATGACCCT-1",14,1,21,61,3600,5437
"ATACTGCCTTACACCG-1","ATACTGCCTTACACCG-1",16,1,58,84,8036,7003
"ATAGACAACGGGACCT-1","ATAGACAACGGGACCT-1",15,1,28,92,4446,7567
"ATAGACGAAGAGAAAG-1","ATAGACGAAGAGAAAG-1",25,1,33,45,5033,4331
"ATAGAGTACTGGGACA-1","ATAGAGTACTGGGACA-1",15,1,26,48,4195,4540
"ATAGAGTTATCAACTT-1","ATAGAGTTATCAACTT-1",15,1,27,93,4326,7636
"ATAGGCGGCTATAGAA-1","ATAGGCGGCTATAGAA-1",27,1,43,33,6227,3500
"ATAGGGATATCCTTGA-1","ATAGGGATATCCTTGA-1",19,1,21,71,3602,6125
"ATAGGTTGGGCAGATG-1","ATAGGTTGGGCAGATG-1",17,1,28,64,4439,5640
"ATAGTGAAGCGTTCTC-1","ATAGTGAAGCGTTCTC-1",19,1,41,57,5994,5153
"ATATAAAGCGCTCGTG-1","ATATAAAGCGCTCGTG-1",20,1,58,68,8032,5902
"ATATAAATGTAGCTGC-1","ATATAAATGTAGCTGC-1",14,1,54,74,7554,6317
"ATATCGTTCCTCGAAC-1","ATATCGTTCCTCGAAC-1",21,1,58,92,8038,7554
"ATATCTTAGGGCCTTC-1","ATATCTTAGGGCCTTC-1",21,1,35,61,5276,5431
"ATATGTCTCCCTAGCC-1","ATATGTCTCCCTAGCC-1",13,1,35,97,5285,7908
"ATATTCAGTTAAACCT-1","ATATTCAGTTAAACCT-1",28,1,44,40,6349,3982
"ATATTCCACATAGTGA-1","ATATTCCACATAGTGA-1",19,1,51,77,7196,6525
"ATATTTAACCCTCAAG-1","ATATTTAACCCTCAAG-1",25,1,31,55,4796,5020
"ATCAAACGAAGGTTTG-1","ATCAAACGAAGGTTTG-1",29,1,49,33,6945,3498
"ATCAATCTGGGCTGCA-1","ATCAATCTGGGCTGCA-1",23,1,33,65,5038,5707
"ATCACATTAGAATATC-1","ATCACATTAGAATATC-1",13,1,20,82,3485,6882
"ATCACGTGCTAATTAA-1","ATCACGTGCTAATTAA-1",28,1,46,36,6587,3706
"ATCACTTCATCCTCGC-1","ATCACTTCATCCTCGC-1",21,1,21,67,3601,5850
"ATCAGACGGCACGCCG-1","ATCAGACGGCACGCCG-1",24,1,44,42,6349,4119
"ATCAGCCTCATGCTGC-1","ATCAGCCTCATGCTGC-1",20,1,57,87,7917,7210
"ATCAGTAGGCAGGGAT-1","ATCAGTAGGCAGGGAT-1",14,1,23,87,3846,7225
"ATCATCCAATATTTGT-1","ATCATCCAATATTTGT-1",22,1,39,59,5755,5291
"ATCCAATGGAGGGTCC-1","ATCCAATGGAGGGTCC-1",6,1,43,27,6226,3088
"ATCCACATCGACAGAA-1","ATCCACATCGACAGAA-1",18,1,62,72,8512,6176
"ATCCAGAGCAACAACC-1","ATCCAGAGCAACAACC-1",23,1,50,52,7070,4805
"ATCCAGGATTCGTGAA-1","ATCCAGGATTCGTGAA-1",16,1,40,46,5871,4396
"ATCCTACCTAAGCTCT-1","ATCCTACCTAAGCTCT-1",26,1,44,48,6351,4532
"ATCCTGCGTGGAATGG-1","ATCCTGCGTGGAATGG-1",22,1,45,47,6470,4463
"ATCGACCCAATACAGA-1","ATCGACCCAATACAGA-1",24,1,43,63,6235,5565
"ATCGACTCTTTCCGTT-1","ATCGACTCTTTCCGTT-1",21,1,23,61,3839,5436
"ATCGCACGCCGGGAGA-1","ATCGCACGCCGGGAGA-1",18,1,25,57,4078,5160
"ATCGGAGACAGACGGC-1","ATCGGAGACAGACGGC-1",13,1,52,76,7315,6455
"ATCTAATATCCTACGG-1","ATCTAATATCCTACGG-1",24,1,55,67,7672,5835
"ATCTAGCTTGTGAGGG-1","ATCTAGCTTGTGAGGG-1",21,1,67,65,9109,5692
"ATCTGCTGTTATCGCC-1","ATCTGCTGTTATCGCC-1",20,1,67,57,9107,5141
"ATCTGGGCTGTTCTTG-1","ATCTGGGCTGTTCTTG-1",17,1,61,69,8391,5970
"ATCTGGTTAAGACTGT-1","ATCTGGTTAAGACTGT-1",20,1,26,76,4202,6467
"ATGACGCGTTCTATCC-1","ATGACGCGTTCTATCC-1",10,1,52,30,7304,3290
"ATGACTATCAGCTGTG-1","ATGACTATCAGCTGTG-1",19,1,63,43,8624,4180
"ATGACTATGCGACATT-1","ATGACTATGCGACATT-1",14,1,48,88,6839,7283
"ATGATGCAATGGTACA-1","ATGATGCAATGGTACA-1",24,1,44,50,6351,4670
"ATGCACTACCGCATTG-1","ATGCACTACCGCATTG-1",21,1,27,45,4314,4333
"ATGCATGATCCAGGAT-1","ATGCATGATCCAGGAT-1",19,1,25,65,4080,5710
"ATGCCATTTGCGACCA-1","ATGCCATTTGCGACCA-1",17,1,43,91,6242,7492
"ATGCCGGTCTTGCATA-1","ATGCCGGTCTTGCATA-1",13,1,31,75,4801,6396
"ATGCGACAGTCCCATT-1","ATGCGACAGTCCCATT-1",17,1,35,71,5279,6119
"ATGCTCTGGCGCGGTA-1","ATGCTCTGGCGCGGTA-1",20,1,60,76,8273,6452
"ATGGAGCAGGCCGTGA-1","ATGGAGCAGGCCGTGA-1",20,1,36,66,5397,5774
"ATGGATTGACCAAACG-1","ATGGATTGACCAAACG-1",15,1,27,61,4318,5434
"ATGGGCCTCGGCCTCT-1","ATGGGCCTCGGCCTCT-1",15,1,45,91,6481,7491
"ATGGTCGCGTGGTTTC-1","ATGGTCGCGTGGTTTC-1",16,1,45,85,6480,7078
"ATGTACGATGACGTCG-1","ATGTACGATGACGTCG-1",23,1,66,64,8989,5624
"ATGTAGCGCGCGTAGG-1","ATGTAGCGCGCGTAGG-1",14,1,68,72,9230,6173
"ATGTGCATCCGACGCA-1","ATGTGCATCCGACGCA-1",16,1,23,57,3838,5161
"ATGTGGACATCTTGAT-1","ATGTGGACATCTTGAT-1",15,1,47,71,6715,6114
"ATGTTGTAGTCTGTTT-1","ATGTTGTAGTCTGTTT-1",20,1,65,47,8865,4454
"ATTAAACATGCGGACC-1","ATTAAACATGCGGACC-1",26,1,43,59,6234,5290
"ATTAATACTACGCGGG-1","ATTAATACTACGCGGG-1",15,1,22,66,3721,5780
"ATTAATGAACCAGTCG-1","ATTAATGAACCAGTCG-1",15,1,23,79,3844,6675
"ATTACGCGCTGGCAGG-1","ATTACGCGCTGGCAGG-1",26,1,40,30,5867,3295
"ATTAGGCGATGCTTTC-1","ATTAGGCGATGCTTTC-1",18,1,37,71,5518,6118
"ATTATCGGAATGTACG-1","ATTATCGGAATGTACG-1",12,1,69,57,9346,5141
"ATTATTATGTCCGTCA-1","ATTATTATGTCCGTCA-1",25,1,59,37,8144,3769
"ATTCACTGATGTTGGA-1","ATTCACTGATGTTGGA-1",23,1,56,68,7792,5903
"ATTCATATACTGTCCA-1","ATTCATATACTGTCCA-1",25,1,46,60,6593,5357
"ATTCATCGTTGAGGCA-1","ATTCATCGTTGAGGCA-1",14,1,61,89,8396,7346
"ATTGAAGATCTTAGTG-1","ATTGAAGATCTTAGTG-1",18,1,31,49,4794,4607
"ATTGATGAGTCCTAAC-1","ATTGATGAGTCCTAAC-1",15,1,33,99,5046,8046
"ATTGCCTTTATGTTTG-1","ATTGCCTTTATGTTTG-1",21,1,64,84,8754,7001
"ATTGCTGCTCCTCCAT-1","ATTGCTGCTCCTCCAT-1",18,1,35,43,5272,4192
"ATTTACAGTTTACTGG-1","ATTTACAGTTTACTGG-1",26,1,30,38,4672,3850
"ATTTCCGGGTTCTGCG-1","ATTTCCGGGTTCTGCG-1",25,1,55,35,7664,3633
"ATTTGTCTTGGGAGCT-1","ATTTGTCTTGGGAGCT-1",15,1,40,84,5881,7011
"CAAACGAGTATCGCAG-1","CAAACGAGTATCGCAG-1",24,1,47,47,6709,4462
"CAAACGGTCGCACTTT-1","CAAACGGTCGCACTTT-1",26,1,30,40,4672,3988
"CAAATGTCCTTCCGTG-1","CAAATGTCCTTCCGTG-1",22,1,45,53,6472,4876
"CAACTGCTCATCCGAT-1","CAACTGCTCATCCGAT-1",16,1,59,55,8148,5007
"CAAGAGGGCGGAGTAC-1","CAAGAGGGCGGAGTAC-1",19,1,46,74,6596,6320
"CAAGATATTATAACGT-1","CAAGATATTATAACGT-1",11,1,45,89,6481,7353
"CAAGCAACGTCGGAGT-1","CAAGCAACGTCGGAGT-1",23,1,32,38,4911,3849
"CAAGCGGCACATAATT-1","CAAGCGGCACATAATT-1",17,1,54,72,7554,6179
"CAAGGATCGCATGTTC-1","CAAGGATCGCATGTTC-1",16,1,40,68,5877,5910
"CAAGTGTGGTTGCAAA-1","CAAGTGTGGTTGCAAA-1",13,1,40,94,5883,7699
"CAATAAACCTTGGCCC-1","CAATAAACCTTGGCCC-1",13,1,26,74,4202,6329
"CAATATTCTTGACCTA-1","CAATATTCTTGACCTA-1",32,1,54,40,7546,3977
"CAATGCGAGAAGTATC-1","CAATGCGAGAAGTATC-1",16,1,54,82,7556,6867
"CAATGGATCTCTACCA-1","CAATGGATCTCTACCA-1",13,1,28,86,4444,7154
"CAATTAAGGGTGATGA-1","CAATTAAGGGTGATGA-1",24,1,29,65,4559,5709
"CAATTTCGTATAAGGG-1","CAATTTCGTATAAGGG-1",23,1,37,63,5516,5567
"CACAATGAGCTGCTAT-1","CACAATGAGCTGCTAT-1",23,1,42,50,6112,4671
"CACACGCGCTGTCTTA-1","CACACGCGCTGTCTTA-1",11,1,33,89,5044,7358
"CACAGCACCCACGGCA-1","CACAGCACCCACGGCA-1",20,1,31,59,4797,5295
"CACAGGGCCGTTGTCA-1","CACAGGGCCGTTGTCA-1",16,1,62,60,8509,5350
"CACATATTAGCAGGAT-1","CACATATTAGCAGGAT-1",23,1,47,73,6716,6251
"CACATCGTGCACGCGC-1","CACATCGTGCACGCGC-1",15,1,60,38,8264,3837
"CACATCTCACCGACGA-1","CACATCTCACCGACGA-1",21,1,57,75,7914,6384
"CACATGATTCAGCAAC-1","CACATGATTCAGCAAC-1",18,1,38,64,5636,5636
"CACCCACGAGGCAATT-1","CACCCACGAGGCAATT-1",11,1,20,86,3486,7158
"CACCCGGTTTGTGACT-1","CACCCGGTTTGTGACT-1",23,1,53,39,7426,3909
"CACCCTAACAAGATCT-1","CACCCTAACAAGATCT-1",18,1,56,80,7795,6729
"CACCGCCAGAAGGTTT-1","CACCGCCAGAAGGTTT-1",21,1,27,59,4318,5297
"CACCGTTAGGGATCAC-1","CACCGTTAGGGATCAC-1",28,1,53,37,7425,3771
"CACCGTTGCGCGATAT-1","CACCGTTGCGCGATAT-1",30,1,47,29,6705,3223
"CACCTTGCGAAACTCG-1","CACCTTGCGAAACTCG-1",11,1,24,84,3965,7018
"CACGCACAGCGCAGCT-1","CACGCACAGCGCAGCT-1",16,1,24,72,3962,6192
"CACGCAGCGAGGCTTT-1","CACGCAGCGAGGCTTT-1",22,1,31,43,4793,4194
"CACGCGGAACTGTTGC-1","CACGCGGAACTGTTGC-1",10,1,42,98,6124,7974
"CACGTCGGCAACCTCT-1","CACGTCGGCAACCTCT-1",25,1,49,37,6946,3773
"CACGTTCGTGCTCTAG-1","CACGTTCGTGCTCTAG-1",13,1,37,81,5521,6806
"CACGTTTCGTACACAC-1","CACGTTTCGTACACAC-1",12,1,55,91,7678,7486
"CACTCAAGAGCTATGG-1","CACTCAAGAGCTATGG-1",25,1,39,57,5754,5154
"CACTCCTATGTAAGAT-1","CACTCCTATGTAAGAT-1",34,1,56,36,7784,3701
"CACTCGAGCTGAACAA-1","CACTCGAGCTGAACAA-1",16,1,48,74,6836,6320
"CACTGACGATTGTGGA-1","CACTGACGATTGTGGA-1",18,1,65,51,8866,4729
"CACTTAATCAGACGGA-1","CACTTAATCAGACGGA-1",23,1,34,48,5153,4537
"CAGAACTTAGCCCTCT-1","CAGAACTTAGCCCTCT-1",21,1,53,85,7437,7074
"CAGACACCGATCGCTG-1","CAGACACCGATCGCTG-1",23,1,53,51,7429,4735
"CAGACGAACCTGATAC-1","CAGACGAACCTGATAC-1",20,1,50,50,7069,4667
"CAGAGACGGTCACCCA-1","CAGAGACGGTCACCCA-1",29,1,51,57,7191,5148
"CAGAGCATGAGCTTGC-1","CAGAGCATGAGCTTGC-1",24,1,26,70,4201,6054
"CAGAGGCGATGCATGA-1","CAGAGGCGATGCATGA-1",29,1,54,48,7548,4528
"CAGATACTAACATAGT-1","CAGATACTAACATAGT-1",21,1,26,46,4195,4402
"CAGCAGCCCGTTCCTT-1","CAGCAGCCCGTTCCTT-1",13,1,28,78,4442,6604
"CAGCAGTCTGTGCTGC-1","CAGCAGTCTGTGCTGC-1",16,1,62,74,8512,6313
"CAGCCTCCTGCAGAGG-1","CAGCCTCCTGCAGAGG-1",15,1,23,77,3843,6537
"CAGCGATTCCCTTCAA-1","CAGCGATTCCCTTCAA-1",28,1,53,43,7427,4184
"CAGCTCACTGAGACAT-1","CAGCTCACTGAGACAT-1",16,1,33,59,5036,5294
"CAGCTCGACAAGTTAA-1","CAGCTCGACAAGTTAA-1",18,1,28,90,4445,7429
"CAGGATATATCGTTGT-1","CAGGATATATCGTTGT-1",19,1,44,60,6354,5358
"CAGGCAGTCTTACCAG-1","CAGGCAGTCTTACCAG-1",15,1,65,85,8874,7069
"CAGGCCGTTTGGGTGT-1","CAGGCCGTTTGGGTGT-1",24,1,39,43,5751,4190
"CAGGCGCCATGCTAGG-1","CAGGCGCCATGCTAGG-1",18,1,49,73,6955,6250
"CAGTAGCCCACGCGGT-1","CAGTAGCCCACGCGGT-1",15,1,25,91,4086,7499
"CAGTCTGTATACTGGG-1","CAGTCTGTATACTGGG-1",20,1,42,66,6116,5772
"CAGTGAATAAATGACT-1","CAGTGAATAAATGACT-1",16,1,25,83,4084,6949
"CAGTGTCGGCTGGCCC-1","CAGTGTCGGCTGGCCC-1",15,1,52,92,7319,7556
"CAGTTCAAATTGACAC-1","CAGTTCAAATTGACAC-1",16,1,29,51,4555,4745
"CATAACGGACAGTCGT-1","CATAACGGACAGTCGT-1",15,1,36,94,5404,7701
"CATAAGAAGCTTGGCT-1","CATAAGAAGCTTGGCT-1",22,1,58,72,8033,6178
"CATACACGGTTCCCAC-1","CATACACGGTTCCCAC-1",15,1,61,55,8388,5006
"CATACCCGTACCCAGT-1","CATACCCGTACCCAGT-1",25,1,37,31,5508,3365
"CATACGGCGTCTGGGC-1","CATACGGCGTCTGGGC-1",19,1,39,63,5756,5567
"CATACTATGTAATTGT-1","CATACTATGTAATTGT-1",28,1,36,48,5393,4536
"CATACTTCTTTCTCCG-1","CATACTTCTTTCTCCG-1",19,1,68,52,9225,4797
"CATAGCGTTGCCCACC-1","CATAGCGTTGCCCACC-1",26,1,54,42,7546,4115
"CATAGTCCACAAGAAC-1","CATAGTCCACAAGAAC-1",28,1,45,31,6466,3362
"CATATAGGTACAGTCA-1","CATATAGGTACAGTCA-1",24,1,43,55,6233,5014
"CATCATTACCCTGAGG-1","CATCATTACCCTGAGG-1",17,1,52,94,7320,7694
"CATCCTCTCAAAGATC-1","CATCCTCTCAAAGATC-1",8,1,54,92,7559,7556
"CATCGGACGGGTTAAT-1","CATCGGACGGGTTAAT-1",20,1,42,58,6114,5221
"CATCTTACACCACCTC-1","CATCTTACACCACCTC-1",13,1,37,99,5525,8045
"CATGAGATGCACTCTC-1","CATGAGATGCACTCTC-1",19,1,59,79,8154,6659
"CATGATGCACAATTCT-1","CATGATGCACAATTCT-1",20,1,21,69,3602,5987
"CATGGGTATGCCTTAT-1","CATGGGTATGCCTTAT-1",16,1,56,82,7796,6867
"CATGGGTCGGGTGTGG-1","CATGGGTCGGGTGTGG-1",13,1,21,85,3606,7088
"CATGGTAAGTAGCGTT-1","CATGGTAAGTAGCGTT-1",21,1,45,73,6477,6252
"CATGGTCTAGATACCG-1","CATGGTCTAGATACCG-1",19,1,26,66,4200,5779
"CATGTAAGAGACATTT-1","CATGTAAGAGACATTT-1",14,1,54,90,7558,7418
"CATGTCTCATTTATGG-1","CATGTCTCATTTATGG-1",9,1,49,85,6958,7076
"CATTATGCTTGTTGTG-1","CATTATGCTTGTTGTG-1",22,1,26,52,4196,4815
"CATTTAGCGGACCATG-1","CATTTAGCGGACCATG-1",19,1,25,85,4085,7087
"CATTTGAGTGGTACGT-1","CATTTGAGTGGTACGT-1",28,1,50,48,7069,4530
"CCAACGATGCACTGAT-1","CCAACGATGCACTGAT-1",29,1,31,37,4791,3781
"CCAAGAAAGTGGGCGA-1","CCAAGAAAGTGGGCGA-1",32,1,52,52,7309,4804
"CCAAGCGTAACTCGTA-1","CCAAGCGTAACTCGTA-1",16,1,33,71,5039,6120
"CCAATAGTGCCGTCGA-1","CCAATAGTGCCGTCGA-1",25,1,34,42,5152,4124
"CCAATGTCACAGCAAG-1","CCAATGTCACAGCAAG-1",23,1,37,49,5513,4604
"CCACAATGTACGTCTT-1","CCACAATGTACGTCTT-1",12,1,29,85,4564,7085
"CCACACTGAGATATTA-1","CCACACTGAGATATTA-1",10,1,39,49,5752,4603
"CCACAGTACCCATCCT-1","CCACAGTACCCATCCT-1",20,1,48,92,6840,7558
"CCACCAACTTTACTGT-1","CCACCAACTTTACTGT-1",16,1,52,40,7306,3978
"CCACCCAAGGAAAGTG-1","CCACCCAAGGAAAGTG-1",12,1,37,75,5519,6393
"CCAGAAAGCAACTCAT-1","CCAGAAAGCAACTCAT-1",28,1,52,36,7305,3703
"CCAGATAGTTGAGTGA-1","CCAGATAGTTGAGTGA-1",11,1,28,84,4444,7016
"CCAGCCTGGACCAATA-1","CCAGCCTGGACCAATA-1",24,1,37,65,5517,5705
"CCAGCTCGAACGCATT-1","CCAGCTCGAACGCATT-1",25,1,63,65,8630,5694
"CCAGGGACGTGGCCTC-1","CCAGGGACGTGGCCTC-1",21,1,27,53,4316,4884
"CCAGTAGTCTGATCCA-1","CCAGTAGTCTGATCCA-1",16,1,27,91,4326,7499
"CCAGTCTAGACGGCGC-1","CCAGTCTAGACGGCGC-1",14,1,24,86,3965,7156
"CCAGTCTTGTCATAGA-1","CCAGTCTTGTCATAGA-1",21,1,59,59,8149,5283
"CCATCGCAGTTAAACT-1","CCATCGCAGTTAAACT-1",23,1,50,62,7072,5493
"CCATCTCACCAGTGAA-1","CCATCTCACCAGTGAA-1",11,1,38,98,5645,7975
"CCATGCCTGTTTAGTA-1","CCATGCCTGTTTAGTA-1",20,1,35,53,5274,4880
"CCATTAGCGATAATCC-1","CCATTAGCGATAATCC-1",26,1,32,42,4912,4125
"CCATTCCCTGCCCACA-1","CCATTCCCTGCCCACA-1",21,1,33,39,5031,3918
"CCATTTCTACCTATTA-1","CCATTTCTACCTATTA-1",15,1,55,71,7673,6110
"CCCAAACATGCTGCTC-1","CCCAAACATGCTGCTC-1",14,1,34,88,5163,7289
"CCCAACATACGTCGCG-1","CCCAACATACGTCGCG-1",28,1,43,35,6228,3638
"CCCAATGAGATTTGCA-1","CCCAATGAGATTTGCA-1",24,1,60,40,8264,3975
"CCCAATTTCACAACTT-1","CCCAATTTCACAACTT-1",30,1,39,33,5748,3502
"CCCAGTTAAGGCGCCG-1","CCCAGTTAAGGCGCCG-1",10,1,42,82,6120,6873
"CCCGCAGCGCGAACTA-1","CCCGCAGCGCGAACTA-1",22,1,49,67,6954,5837
"CCCGGGTCGTTCAGGG-1","CCCGGGTCGTTCAGGG-1",19,1,65,57,8867,5142
"CCCGTAGCTGGGAAGA-1","CCCGTAGCTGGGAAGA-1",26,1,57,39,7905,3907
"CCCGTCAGCGTCTGAC-1","CCCGTCAGCGTCTGAC-1",14,1,23,51,3837,4748
"CCCTGAAATGAGTTGA-1","CCCTGAAATGAGTTGA-1",25,1,31,39,4792,3919
"CCCTTTGACAGGTCTT-1","CCCTTTGACAGGTCTT-1",19,1,50,56,7071,5080
"CCGAACCTTCCCGGCC-1","CCGAACCTTCCCGGCC-1",26,1,49,71,6955,6113
"CCGCACAAAGACCAAC-1","CCGCACAAAGACCAAC-1",20,1,36,76,5400,6462
"CCGCATGTGGTACGAT-1","CCGCATGTGGTACGAT-1",18,1,56,66,7792,5766
"CCGCGGAATGCGTCAC-1","CCGCGGAATGCGTCAC-1",28,1,51,45,7188,4323
"CCGCTATCAGCACCAG-1","CCGCTATCAGCACCAG-1",19,1,45,63,6474,5564
"CCGCTTACCTCACTCT-1","CCGCTTACCTCACTCT-1",30,1,47,35,6706,3636
"CCGGAGCGTACTTTCT-1","CCGGAGCGTACTTTCT-1",7,1,58,56,8029,5077
"CCGGGCGGTCTCGTCA-1","CCGGGCGGTCTCGTCA-1",24,1,32,76,4921,6464
"CCGGGCTGCTCCATAC-1","CCGGGCTGCTCCATAC-1",17,1,36,86,5402,7151
"CCGGGTTCGAGGTTAC-1","CCGGGTTCGAGGTTAC-1",23,1,38,32,5628,3434
"CCGGTTTGTAATTGTG-1","CCGGTTTGTAATTGTG-1",25,1,56,42,7786,4114
"CCGTAAGTTGGTCCCA-1","CCGTAAGTTGGTCCCA-1",14,1,33,77,5041,6533
"CCGTGTTAAATTCCAT-1","CCGTGTTAAATTCCAT-1",25,1,48,36,6826,3705
"CCTAAATTAACGGTTC-1","CCTAAATTAACGGTTC-1",17,1,42,68,6116,5909
"CCTAACCCAAACAAGT-1","CCTAACCCAAACAAGT-1",15,1,49,89,6959,7351
"CCTACATTCACAGACG-1","CCTACATTCACAGACG-1",24,1,51,33,7185,3497
"CCTACTGCTTACACTT-1","CCTACTGCTTACACTT-1",12,1,27,49,4315,4608
"CCTAGGCGTAGCGATC-1","CCTAGGCGTAGCGATC-1",11,1,36,88,5403,7288
"CCTATAATGAGTGCCC-1","CCTATAATGAGTGCCC-1",14,1,55,81,7676,6798
"CCTATACCGTCCTGTC-1","CCTATACCGTCCTGTC-1",25,1,55,45,7667,4321
"CCTATATTTGTCCTGG-1","CCTATATTTGTCCTGG-1",18,1,62,52,8507,4800
"CCTATGGGTTACCGTC-1","CCTATGGGTTACCGTC-1",11,1,29,69,4560,5984
"CCTATGGTCAAAGCTG-1","CCTATGGTCAAAGCTG-1",23,1,68,68,9229,5898
"CCTCGCGCTGTGCGAT-1","CCTCGCGCTGTGCGAT-1",17,1,57,59,7910,5283
"CCTCGGACCGGGATAG-1","CCTCGGACCGGGATAG-1",11,1,41,85,6001,7080
"CCTCTAATCTGCCAAG-1","CCTCTAATCTGCCAAG-1",16,1,23,73,3842,6262
"CCTCTCTCCCATCTAG-1","CCTCTCTCCCATCTAG-1",21,1,34,36,5150,3711
"CCTCTGTACTATTCTA-1","CCTCTGTACTATTCTA-1",25,1,53,61,7431,5423
"CCTGAACGATATATTC-1","CCTGAACGATATATTC-1",15,1,37,85,5522,7081
"CCTGAATATTTACATA-1","CCTGAATATTTACATA-1",11,1,23,71,3842,6124
"CCTGACCACCGATGGT-1","CCTGACCACCGATGGT-1",16,1,45,61,6474,5426
"CCTGCTATTTGAGAAG-1","CCTGCTATTTGAGAAG-1",20,1,26,50,4196,4678
"CCTGGCTAGACCCGCC-1","CCTGGCTAGACCCGCC-1",18,1,29,43,4553,4195
"CCTGGTCGAATGTGGG-1","CCTGGTCGAATGTGGG-1",18,1,59,69,8152,5971
"CCTGTAAGACATGATA-1","CCTGTAAGACATGATA-1",25,1,37,41,5511,4054
"CCTGTCACCCGGGCTC-1","CCTGTCACCCGGGCTC-1",18,1,29,67,4559,5846
"CCTGTCGCCCGTAAAT-1","CCTGTCGCCCGTAAAT-1",22,1,36,62,5396,5499
"CCTGTTTGAAGACACG-1","CCTGTTTGAAGACACG-1",1,1,58,94,8038,7692
"CCTTCAGTTAAAGTGA-1","CCTTCAGTTAAAGTGA-1",26,1,61,47,8386,4456
"CCTTTAAGGGAGCACT-1","CCTTTAAGGGAGCACT-1",20,1,58,50,8027,4664
"CGAAACGCAATTCATG-1","CGAAACGCAATTCATG-1",24,1,41,33,5988,3501
"CGAACAGTATGGGCGT-1","CGAACAGTATGGGCGT-1",12,1,50,96,7081,7833
"CGAACCCGCATGCGTC-1","CGAACCCGCATGCGTC-1",27,1,49,49,6949,4599
"CGAAGTTGCTCTGTGT-1","CGAAGTTGCTCTGTGT-1",26,1,33,35,5030,3642
"CGAATGACGCATAATG-1","CGAATGACGCATAATG-1",20,1,63,57,8628,5143
"CGACAATTTGATCTAA-1","CGACAATTTGATCTAA-1",17,1,43,95,6243,7767
"CGACACGCTCCGACAG-1","CGACACGCTCCGACAG-1",16,1,46,94,6601,7697
"CGACAGTTCGCGTTAT-1","CGACAGTTCGCGTTAT-1",24,1,36,42,5391,4123
"CGACTCAGGATGTTAT-1","CGACTCAGGATGTTAT-1",13,1,23,89,3846,7363
"CGAGACCCTAGAGTGT-1","CGAGACCCTAGAGTGT-1",24,1,43,61,6234,5427
"CGAGAGATGTGAACCT-1","CGAGAGATGTGAACCT-1",9,1,29,73,4561,6259
"CGAGAGCTTTCACTAC-1","CGAGAGCTTTCACTAC-1",0,1,64,88,8755,7276
"CGAGGCTAAATATGGC-1","CGAGGCTAAATATGGC-1",14,1,29,71,4560,6121
"CGAGGGACTGCGGTCG-1","CGAGGGACTGCGGTCG-1",18,1,38,78,5640,6599
"CGAGGGTATCCAGGTG-1","CGAGGGTATCCAGGTG-1",20,1,64,60,8748,5349
"CGAGTACTAAAGAGGA-1","CGAGTACTAAAGAGGA-1",27,1,45,35,6467,3637
"CGAGTTCTGTCCCACC-1","CGAGTTCTGTCCCACC-1",15,1,27,85,4324,7086
"CGAGTTTATCGGACTG-1","CGAGTTTATCGGACTG-1",15,1,37,93,5524,7632
"CGATACCTCGCGGACA-1","CGATACCTCGCGGACA-1",21,1,40,48,5872,4534
"CGATCCGACCCAGTGC-1","CGATCCGACCCAGTGC-1",19,1,38,50,5633,4672
"CGATTAAATATCTCCT-1","CGATTAAATATCTCCT-1",12,1,56,62,7791,5490
"CGATTCGCCTGGCTGC-1","CGATTCGCCTGGCTGC-1",15,1,57,73,7913,6247
"CGCAATTAGGGTAATA-1","CGCAATTAGGGTAATA-1",18,1,28,44,4434,4264
"CGCACATGTCCACTAC-1","CGCACATGTCCACTAC-1",16,1,39,87,5762,7218
"CGCACGTGCGCTATCA-1","CGCACGTGCGCTATCA-1",9,1,39,99,5765,8044
"CGCATGGTGCGATGCT-1","CGCATGGTGCGATGCT-1",22,1,40,66,5876,5773
"CGCATTAGCTAATAGG-1","CGCATTAGCTAATAGG-1",15,1,27,57,4317,5159
"CGCCATCCGATTATGA-1","CGCCATCCGATTATGA-1",13,1,24,80,3964,6743
"CGCCCAGCACGCCTAG-1","CGCCCAGCACGCCTAG-1",27,1,59,51,8147,4732
"CGCCGCCCATGCCTGT-1","CGCCGCCCATGCCTGT-1",18,1,39,83,5761,6943
"CGCCTCCCTCCTCTAT-1","CGCCTCCCTCCTCTAT-1",16,1,43,73,6237,6253
"CGCGACCGCGACAGAT-1","CGCGACCGCGACAGAT-1",18,1,59,81,8155,6797
"CGCGCATGTTTGATTG-1","CGCGCATGTTTGATTG-1",25,1,50,54,7070,4942
"CGCGCCCGACTTAATA-1","CGCGCCCGACTTAATA-1",17,1,21,75,3603,6400
"CGCGGCTCAACTTGAA-1","CGCGGCTCAACTTGAA-1",16,1,43,97,6243,7904
"CGCGGGAATTAGGCAG-1","CGCGGGAATTAGGCAG-1",17,1,28,80,4443,6741
"CGCGTTCATGAAATAC-1","CGCGTTCATGAAATAC-1",19,1,27,51,4316,4746
"CGCTACGGGACATTTA-1","CGCTACGGGACATTTA-1",22,1,38,48,5632,4535
"CGCTAGAGACCGCTGC-1","CGCTAGAGACCGCTGC-1",6,1,39,101,5765,8181
"CGCTATTCTTAGGCTC-1","CGCTATTCTTAGGCTC-1",19,1,38,60,5635,5361
"CGCTCTCCGTAGATTA-1","CGCTCTCCGTAGATTA-1",26,1,33,37,5031,3780
"CGCTGGTGACTACCCT-1","CGCTGGTGACTACCCT-1",15,1,48,98,6842,7971
"CGCTGTGACGCCGCAC-1","CGCTGTGACGCCGCAC-1",21,1,25,47,4075,4472
"CGCTGTGTGGATGTTG-1","CGCTGTGTGGATGTTG-1",26,1,59,43,8145,4182
"CGCTTAGTATTGATAC-1","CGCTTAGTATTGATAC-1",15,1,66,52,8986,4798
"CGCTTATTCCCGGTCG-1","CGCTTATTCCCGGTCG-1",19,1,42,30,6107,3294
"CGCTTTCTTGCATTCG-1","CGCTTTCTTGCATTCG-1",12,1,31,85,4803,7084
"CGGAAAGAATCAAACG-1","CGGAAAGAATCAAACG-1",18,1,58,48,8027,4526
"CGGAACGTAAACATAG-1","CGGAACGTAAACATAG-1",28,1,47,45,6709,4324
"CGGACCTTTACGTCCC-1","CGGACCTTTACGTCCC-1",2,1,71,71,9589,6103
"CGGAGCAATTTAATCG-1","CGGAGCAATTTAATCG-1",18,1,54,60,7551,5354
"CGGAGCATGGCGATCC-1","CGGAGCATGGCGATCC-1",23,1,39,67,5757,5842
"CGGATCCTCAAGGACT-1","CGGATCCTCAAGGACT-1",19,1,60,80,8274,6727
"CGGCAAACATCGTGCG-1","CGGCAAACATCGTGCG-1",24,1,52,66,7313,5767
"CGGCAGGGTCGGGTTG-1","CGGCAGGGTCGGGTTG-1",13,1,32,94,4925,7703
"CGGCCACGCACAAAGT-1","CGGCCACGCACAAAGT-1",18,1,35,59,5276,5293
"CGGCCAGAGCGACCAT-1","CGGCCAGAGCGACCAT-1",10,1,67,49,9105,4591
"CGGCGCCATCAATCCC-1","CGGCGCCATCAATCCC-1",0,1,59,93,8158,7622
"CGGGAATTTATGTAAA-1","CGGGAATTTATGTAAA-1",24,1,45,65,6475,5702
"CGGGAGCTTCAGTGTA-1","CGGGAGCTTCAGTGTA-1",19,1,49,91,6960,7489
"CGGGATCAATGTAAGA-1","CGGGATCAATGTAAGA-1",17,1,23,59,3839,5298
"CGGGCAGCTAAACCGC-1","CGGGCAGCTAAACCGC-1",16,1,32,56,4916,5088
"CGGGCCTTCTTTGTAA-1","CGGGCCTTCTTTGTAA-1",17,1,41,55,5993,5015
"CGGGCGATGGATCACG-1","CGGGCGATGGATCACG-1",2,1,69,75,9351,6379
"CGGGTGTACCCATTTA-1","CGGGTGTACCCATTTA-1",15,1,32,86,4923,7152
"CGGTACTAGAATCAAA-1","CGGTACTAGAATCAAA-1",14,1,43,83,6240,6941
"CGGTCAAGTGGGAACC-1","CGGTCAAGTGGGAACC-1",14,1,26,80,4203,6742
"CGGTCCGTCGCAAGCC-1","CGGTCCGTCGCAAGCC-1",22,1,63,51,8626,4730
"CGGTGCAGATAGAACG-1","CGGTGCAGATAGAACG-1",20,1,42,36,6108,3707
"CGGTGCGCGTTGGTCC-1","CGGTGCGCGTTGGTCC-1",31,1,49,39,6947,3911
"CGTACCTGATAGGCCT-1","CGTACCTGATAGGCCT-1",17,1,22,68,3721,5918
"CGTATTAAGAGATCTA-1","CGTATTAAGAGATCTA-1",17,1,32,54,4915,4950
"CGTCACGTCCATTGGT-1","CGTCACGTCCATTGGT-1",29,1,47,51,6710,4737
"CGTCGCATGTGAGCCA-1","CGTCGCATGTGAGCCA-1",13,1,65,77,8872,6519
"CGTCGGATAGTGTTGA-1","CGTCGGATAGTGTTGA-1",13,1,34,96,5165,7840
"CGTCGTCCTTCGCGAA-1","CGTCGTCCTTCGCGAA-1",12,1,56,76,7794,6454
"CGTGAAGTTAATTCAC-1","CGTGAAGTTAATTCAC-1",22,1,40,56,5874,5084
"CGTGACCAGTCCTCTG-1","CGTGACCAGTCCTCTG-1",19,1,63,55,8627,5006
"CGTGCAGACTGGGACA-1","CGTGCAGACTGGGACA-1",14,1,40,74,5878,6323
"CGTGCATTGTCGACGC-1","CGTGCATTGTCGACGC-1",27,1,39,31,5748,3365
"CGTGCCCTCCCGAAGA-1","CGTGCCCTCCCGAAGA-1",14,1,43,77,6238,6528
"CGTTAATGTCCCGACG-1","CGTTAATGTCCCGACG-1",14,1,59,87,8156,7209
"CGTTCAGACCCGCGAA-1","CGTTCAGACCCGCGAA-1",18,1,65,61,8868,5418
"CGTTGAATACCGCGCT-1","CGTTGAATACCGCGCT-1",15,1,57,77,7914,6522
"CGTTGAGCGACCGTCG-1","CGTTGAGCGACCGTCG-1",15,1,44,74,6357,6321
"CGTTGTCGGCAATTGA-1","CGTTGTCGGCAATTGA-1",23,1,64,66,8750,5762
"CGTTGTTTCAATTCCC-1","CGTTGTTTCAATTCCC-1",28,1,34,40,5151,3986
"CGTTTGTGTAGAGGGT-1","CGTTTGTGTAGAGGGT-1",24,1,55,41,7666,4046
"CTAAAGAATGCCTACT-1","CTAAAGAATGCCTACT-1",24,1,36,36,5390,3710
"CTAAAGGGAAATAGGA-1","CTAAAGGGAAATAGGA-1",27,1,44,62,6354,5496
"CTAAATCCTATTCCGG-1","CTAAATCCTATTCCGG-1",13,1,26,84,4204,7017
"CTAACCGCGCGCCCGT-1","CTAACCGCGCGCCCGT-1",26,1,37,35,5509,3641
"CTAACGAAACTTGCTG-1","CTAACGAAACTTGCTG-1",14,1,30,94,4686,7704
"CTAACTGGTCCGGTTC-1","CTAACTGGTCCGGTTC-1",15,1,50,36,7066,3704
"CTAAGGGAATGATTGG-1","CTAAGGGAATGATTGG-1",20,1,44,72,6357,6184
"CTACAAGAAATAACCC-1","CTACAAGAAATAACCC-1",24,1,58,40,8025,3976
"CTACCCTAAGGTCATA-1","CTACCCTAAGGTCATA-1",19,1,31,91,4805,7497
"CTACGCACGGAGTACC-1","CTACGCACGGAGTACC-1",13,1,35,57,5275,5155
"CTACTATCTTTCAGAG-1","CTACTATCTTTCAGAG-1",10,1,29,93,4566,7635
"CTACTCAAGGTATAGT-1","CTACTCAAGGTATAGT-1",33,1,60,42,8265,4112
"CTACTGCCACCTGACC-1","CTACTGCCACCTGACC-1",22,1,27,63,4319,5572
"CTAGATTTACGACGGC-1","CTAGATTTACGACGGC-1",19,1,42,74,6118,6322
"CTAGCATAGTATAATG-1","CTAGCATAGTATAATG-1",21,1,34,66,5158,5775
"CTAGGCGCCCTATCAG-1","CTAGGCGCCCTATCAG-1",12,1,51,91,7199,7488
"CTAGGTTCGGACGTGA-1","CTAGGTTCGGACGTGA-1",17,1,58,70,8032,6040
"CTAGTAGAAAGGGATT-1","CTAGTAGAAAGGGATT-1",20,1,63,81,8634,6795
"CTAGTCACGTCTTAAG-1","CTAGTCACGTCTTAAG-1",17,1,37,69,5518,5980
"CTAGTGAAGGACAGGA-1","CTAGTGAAGGACAGGA-1",34,1,34,38,5151,3848
"CTAGTTACAACCCGGT-1","CTAGTTACAACCCGGT-1",19,1,53,67,7433,5836
"CTAGTTGGGCCCGGTA-1","CTAGTTGGGCCCGGTA-1",24,1,26,68,4200,5916
"CTATCGACGAAATACA-1","CTATCGACGAAATACA-1",15,1,53,93,7439,7625
"CTATCGGGTCTCAACA-1","CTATCGGGTCTCAACA-1",17,1,35,69,5278,5981
"CTATGCCCGAATGCAA-1","CTATGCCCGAATGCAA-1",13,1,63,59,8628,5281
"CTATGTCACTAGCCCA-1","CTATGTCACTAGCCCA-1",17,1,30,66,4679,5777
"CTATTCATGTGTCCCA-1","CTATTCATGTGTCCCA-1",29,1,52,62,7312,5492
"CTATTTGGTTACGGAT-1","CTATTTGGTTACGGAT-1",17,1,36,82,5401,6875
"CTCAACTAACCCGGAT-1","CTCAACTAACCCGGAT-1",17,1,63,85,8635,7070
"CTCACATTTACTAAAT-1","CTCACATTTACTAAAT-1",17,1,62,68,8511,5901
"CTCACTGTGATACTTA-1","CTCACTGTGATACTTA-1",20,1,63,75,8632,6382
"CTCATTGCTCTAACAA-1","CTCATTGCTCTAACAA-1",19,1,60,78,8274,6590
"CTCATTTGATGGGCGG-1","CTCATTTGATGGGCGG-1",17,1,22,62,3720,5505
"CTCCGCCCACATGAGG-1","CTCCGCCCACATGAGG-1",27,1,43,39,6229,3913
"CTCCTCCAGCTCACAC-1","CTCCTCCAGCTCACAC-1",26,1,62,50,8506,4662
"CTCGAGGTCGAACAGT-1","CTCGAGGTCGAACAGT-1",14,1,29,59,4557,5296
"CTCGCACCTATATAGT-1","CTCGCACCTATATAGT-1",13,1,24,68,3961,5917
"CTCGCCGAATGTAGGG-1","CTCGCCGAATGTAGGG-1",15,1,60,64,8270,5626
"CTCGGTACCACTGCTC-1","CTCGGTACCACTGCTC-1",24,1,41,81,6000,6804
"CTCGTCTGTGCCTTCG-1","CTCGTCTGTGCCTTCG-1",2,1,70,82,9472,6861
"CTCTAGCCCTCGGAAA-1","CTCTAGCCCTCGGAAA-1",2,1,66,90,8995,7413
"CTCTATTTGGCTGCAG-1","CTCTATTTGGCTGCAG-1",21,1,48,68,6834,5907
"CTCTCACAATCGATGA-1","CTCTCACAATCGATGA-1",19,1,32,70,4919,6051
"CTCTGGACGCCTGGTG-1","CTCTGGACGCCTGGTG-1",24,1,32,62,4917,5501
"CTCTTCTATTGACTGG-1","CTCTTCTATTGACTGG-1",4,1,46,100,6603,8110
"CTCTTGTCCCGCTTGG-1","CTCTTGTCCCGCTTGG-1",27,1,54,58,7550,5216
"CTGAATCCGAGACCTC-1","CTGAATCCGAGACCTC-1",17,1,47,53,6711,4875
"CTGCACAACTACATAT-1","CTGCACAACTACATAT-1",18,1,50,76,7076,6456
"CTGCACTCCAGTACAG-1","CTGCACTCCAGTACAG-1",20,1,54,70,7553,6042
"CTGCCAAGGTTGGAAG-1","CTGCCAAGGTTGGAAG-1",14,1,21,77,3604,6538
"CTGCCATGCATCACAT-1","CTGCCATGCATCACAT-1",19,1,40,62,5875,5497
"CTGCTGAGGCCACGAA-1","CTGCTGAGGCCACGAA-1",32,1,49,35,6946,3635
"CTGCTTGGCGATAGCT-1","CTGCTTGGCGATAGCT-1",14,1,53,75,7435,6386
"CTGGAAATGGATGCTT-1","CTGGAAATGGATGCTT-1",19,1,29,53,4556,4883
"CTGGAAGACACGGTGG-1","CTGGAAGACACGGTGG-1",12,1,50,88,7079,7282
"CTGGATTTACACTTGA-1","CTGGATTTACACTTGA-1",30,1,49,55,6951,5012
"CTGGCGCACAGGTCTG-1","CTGGCGCACAGGTCTG-1",20,1,37,89,5523,7357
"CTGGCTGATTCATCCT-1","CTGGCTGATTCATCCT-1",18,1,44,96,6363,7835
"CTGGCTGGTTGTCAGT-1","CTGGCTGGTTGTCAGT-1",28,1,54,56,7550,5078
"CTGGGATAAATAATGG-1","CTGGGATAAATAATGG-1",14,1,38,84,5641,7012
"CTGGGCCTGCTATATC-1","CTGGGCCTGCTATATC-1",22,1,44,30,6346,3294
"CTGGGTAGGCAGTTAA-1","CTGGGTAGGCAGTTAA-1",16,1,43,79,6239,6666
"CTGGTAACACATAGAA-1","CTGGTAACACATAGAA-1",15,1,42,88,6121,7286
"CTGGTTTCGAGCAAGA-1","CTGGTTTCGAGCAAGA-1",21,1,46,88,6600,7284
"CTGTACTTCTTAGCAT-1","CTGTACTTCTTAGCAT-1",22,1,39,51,5753,4741
"CTGTAGCCATCTCACT-1","CTGTAGCCATCTCACT-1",24,1,56,46,7787,4389
"CTGTCAAATGGCTCGG-1","CTGTCAAATGGCTCGG-1",10,1,23,83,3845,6950
"CTGTGCAGGGTAGGTC-1","CTGTGCAGGGTAGGTC-1",17,1,42,70,6117,6047
"CTGTGGTCGGGAGATA-1","CTGTGGTCGGGAGATA-1",17,1,55,89,7678,7349
"CTGTTACCCAATCTAG-1","CTGTTACCCAATCTAG-1",24,1,48,58,6832,5219
"CTGTTCACTGCCTGTG-1","CTGTTCACTGCCTGTG-1",23,1,22,56,3718,5092
"CTTAATCGACTTAGTA-1","CTTAATCGACTTAGTA-1",12,1,76,64,10186,5619
"CTTACACGGTATTCCA-1","CTTACACGGTATTCCA-1",19,1,31,45,4793,4331
"CTTAGATGTTTCATCC-1","CTTAGATGTTTCATCC-1",3,1,74,72,9949,6171
"CTTAGCCTTCCACATG-1","CTTAGCCTTCCACATG-1",10,1,22,78,3724,6606
"CTTAGTGTAGTAGCAT-1","CTTAGTGTAGTAGCAT-1",12,1,61,83,8395,6933
"CTTCAACTCCACTTGG-1","CTTCAACTCCACTTGG-1",25,1,59,77,8154,6521
"CTTCATTGTCAGTGGA-1","CTTCATTGTCAGTGGA-1",20,1,36,60,5396,5361
"CTTCCGCTCCGTGAAG-1","CTTCCGCTCCGTGAAG-1",19,1,56,50,7788,4665
"CTTCGTAGATAGGTGA-1","CTTCGTAGATAGGTGA-1",23,1,39,45,5751,4328
"CTTCTATGTTGAAGTA-1","CTTCTATGTTGAAGTA-1",27,1,46,28,6585,3155
"CTTCTATTAATGCTAG-1","CTTCTATTAATGCTAG-1",14,1,51,47,7188,4460
"CTTGAGTTAGGGTAAT-1","CTTGAGTTAGGGTAAT-1",7,1,39,93,5763,7631
"CTTGCCCAGGCTCTAC-1","CTTGCCCAGGCTCTAC-1",22,1,45,55,6472,5013
"CTTGGCCAAGCTGGGA-1","CTTGGCCAAGCTGGGA-1",19,1,61,57,8388,5144
"CTTGTCAACATTCGAG-1","CTTGTCAACATTCGAG-1",20,1,50,66,7073,5768
"CTTGTTGCTGAGTCAA-1","CTTGTTGCTGAGTCAA-1",14,1,38,80,5640,6737
"CTTTAACTTTCAAAGG-1","CTTTAACTTTCAAAGG-1",17,1,23,67,3841,5849
"CTTTAATATTGGTCGA-1","CTTTAATATTGGTCGA-1",16,1,51,73,7195,6249
"CTTTACCGAATAGTAG-1","CTTTACCGAATAGTAG-1",17,1,50,84,7078,7007
"CTTTAGGAACACTGTT-1","CTTTAGGAACACTGTT-1",17,1,41,87,6001,7217
"CTTTAGTGCTATTATT-1","CTTTAGTGCTATTATT-1",21,1,44,64,6355,5633
"CTTTCTGTGCGGGCTT-1","CTTTCTGTGCGGGCTT-1",22,1,54,66,7552,5766
"CTTTGGCTTTAGTAAA-1","CTTTGGCTTTAGTAAA-1",22,1,32,40,4912,3987
"CTTTGGGATTGTTGCA-1","CTTTGGGATTGTTGCA-1",26,1,62,44,8505,4249
"GAAACAGATGACCACC-1","GAAACAGATGACCACC-1",14,1,40,92,5883,7562
"GAAACCGAATTACCTT-1","GAAACCGAATTACCTT-1",23,1,45,51,6471,4738
"GAAACCTATACAAATG-1","GAAACCTATACAAATG-1",19,1,60,52,8267,4800
"GAAAGCAGTGCACTTT-1","GAAAGCAGTGCACTTT-1",19,1,56,54,7789,4940
"GAAATGGCGGTGTTAG-1","GAAATGGCGGTGTTAG-1",24,1,30,52,4675,4814
"GAAATTGTCTCTATAA-1","GAAATTGTCTCTATAA-1",21,1,43,53,6232,4877
"GAACAGATTACTAAAT-1","GAACAGATTACTAAAT-1",19,1,57,71,7913,6109
"GAACCCTCTGTGTTCT-1","GAACCCTCTGTGTTCT-1",21,1,59,67,8151,5833
"GAACCTTTAACGATCC-1","GAACCTTTAACGATCC-1",16,1,63,79,8633,6657
"GAACGTCTCATGGTCG-1","GAACGTCTCATGGTCG-1",18,1,31,87,4804,7222
"GAACTGTGGAGAGACA-1","GAACTGTGGAGAGACA-1",28,1,68,66,9229,5760
"GAAGCCACTGATTATG-1","GAAGCCACTGATTATG-1",28,1,65,69,8870,5968
"GAAGCCTGCACATTCC-1","GAAGCCTGCACATTCC-1",19,1,61,61,8389,5419
"GAAGCGTGAGGAATTT-1","GAAGCGTGAGGAATTT-1",23,1,34,60,5156,5362
"GAAGGAGTCGAGTGCG-1","GAAGGAGTCGAGTGCG-1",25,1,66,60,8988,5348
"GAAGTCAGTTGCACTA-1","GAAGTCAGTTGCACTA-1",26,1,52,58,7311,5217
"GAAGTCTCCCTAGCGA-1","GAAGTCTCCCTAGCGA-1",10,1,37,91,5523,7494
"GAAGTGATTTATCGTG-1","GAAGTGATTTATCGTG-1",22,1,39,47,5752,4466
"GAAGTTTCCACTCAAT-1","GAAGTTTCCACTCAAT-1",17,1,36,46,5392,4398
"GAATAGACGCGACCCA-1","GAATAGACGCGACCCA-1",17,1,42,92,6122,7561
"GAATCTGAACATTCTC-1","GAATCTGAACATTCTC-1",24,1,42,64,6115,5634
"GAATGCGAATCGGTTC-1","GAATGCGAATCGGTTC-1",15,1,63,69,8631,5969
"GAATGTGGTCCGGATT-1","GAATGTGGTCCGGATT-1",16,1,43,81,6239,6803
"GAATGTTGGGTAATCT-1","GAATGTTGGGTAATCT-1",11,1,23,69,3841,5986
"GAATTATAGTGAAAGG-1","GAATTATAGTGAAAGG-1",15,1,34,68,5158,5913
"GAATTCACCCGGGTGT-1","GAATTCACCCGGGTGT-1",24,1,47,55,6711,5013
"GACAAACATATGCAGG-1","GACAAACATATGCAGG-1",18,1,44,100,6364,8110
"GACAACGACCATTGAA-1","GACAACGACCATTGAA-1",16,1,25,77,4083,6536
"GACACAAGGGAAGAAA-1","GACACAAGGGAAGAAA-1",11,1,30,72,4680,6190
"GACACTGAGTTCAGTG-1","GACACTGAGTTCAGTG-1",24,1,44,46,6350,4395
"GACAGCCAGACCTGAC-1","GACAGCCAGACCTGAC-1",17,1,42,86,6121,7148
"GACATCCGTCGAACTG-1","GACATCCGTCGAACTG-1",16,1,65,71,8871,6106
"GACATCGATTTATAAC-1","GACATCGATTTATAAC-1",15,1,52,50,7309,4666
"GACCACACTTCCCTTT-1","GACCACACTTCCCTTT-1",5,1,70,80,9472,6723
"GACCAGAGCCCTGTAG-1","GACCAGAGCCCTGTAG-1",21,1,31,47,4794,4469
"GACCGTGCTGACGGTG-1","GACCGTGCTGACGGTG-1",26,1,40,52,5873,4809
"GACCTTCCACGTCTAC-1","GACCTTCCACGTCTAC-1",20,1,66,74,8991,6312
"GACGACGATCCGCGTT-1","GACGACGATCCGCGTT-1",12,1,52,70,7314,6043
"GACGCCGTAAAGGCTA-1","GACGCCGTAAAGGCTA-1",26,1,54,54,7549,4941
"GACGCTTGCTTCTAAA-1","GACGCTTGCTTCTAAA-1",15,1,38,36,5629,3709
"GACGGGTTGGCCCGTA-1","GACGGGTTGGCCCGTA-1",24,1,61,51,8387,4731
"GACTAAGATCATGCAC-1","GACTAAGATCATGCAC-1",18,1,23,53,3837,4885
"GACTAAGTAGGCTCAC-1","GACTAAGTAGGCTCAC-1",25,1,27,43,4314,4196
"GACTAGGCCGTTAGGT-1","GACTAGGCCGTTAGGT-1",17,1,66,78,8992,6587
"GACTGCAAATCGAGCT-1","GACTGCAAATCGAGCT-1",19,1,59,75,8153,6384
"GACTGCACCAGCCCAG-1","GACTGCACCAGCCCAG-1",15,1,46,80,6598,6733
"GAGACTGATGGGTAGA-1","GAGACTGATGGGTAGA-1",14,1,28,56,4437,5090
"GAGACTTCGCGACCGA-1","GAGACTTCGCGACCGA-1",19,1,53,57,7430,5148
"GAGAGGGCGCGAGGTT-1","GAGAGGGCGCGAGGTT-1",21,1,38,40,5630,3984
"GAGAGGTGCATTCTGG-1","GAGAGGTGCATTCTGG-1",27,1,44,28,6346,3156
"GAGATCTGCTTGGCAT-1","GAGATCTGCTTGGCAT-1",19,1,34,44,5152,4261
"GAGATCTGTCACTCCG-1","GAGATCTGTCACTCCG-1",16,1,30,74,4681,6327
"GAGATCTTCCATGACA-1","GAGATCTTCCATGACA-1",15,1,45,77,6478,6527
"GAGATGGGAGTCGACA-1","GAGATGGGAGTCGACA-1",16,1,52,72,7314,6180
"GAGCACCTGTGTCCAG-1","GAGCACCTGTGTCCAG-1",16,1,58,80,8035,6728
"GAGCCAGCTACCTGTG-1","GAGCCAGCTACCTGTG-1",15,1,53,89,7438,7350
"GAGCGCGCACGAGTAG-1","GAGCGCGCACGAGTAG-1",17,1,49,93,6960,7627
"GAGCTAAGGGCATATC-1","GAGCTAAGGGCATATC-1",14,1,29,83,4563,6947
"GAGGGCGCAGCTCTGC-1","GAGGGCGCAGCTCTGC-1",18,1,27,89,4325,7361
"GAGGTACGCGTGTCCC-1","GAGGTACGCGTGTCCC-1",23,1,67,67,9109,5830
"GAGTAGATACTAGTTG-1","GAGTAGATACTAGTTG-1",29,1,62,64,8510,5625
"GAGTATGCCCGCCTTG-1","GAGTATGCCCGCCTTG-1",21,1,49,43,6948,4186
"GAGTATGCGCGTGCAT-1","GAGTATGCGCGTGCAT-1",16,1,63,71,8631,6107
"GAGTCAGACCAGAATC-1","GAGTCAGACCAGAATC-1",23,1,56,48,7787,4527
"GAGTCCGCTTACCGGA-1","GAGTCCGCTTACCGGA-1",20,1,46,58,6592,5219
"GAGTGTCAACCAGAAA-1","GAGTGTCAACCAGAAA-1",11,1,63,83,8634,6932
"GAGTGTGCGGTACCCA-1","GAGTGTGCGGTACCCA-1",22,1,44,88,6361,7285
"GATAACTCGCACTGTG-1","GATAACTCGCACTGTG-1",12,1,39,89,5762,7356
"GATACGATGGGAGTCA-1","GATACGATGGGAGTCA-1",24,1,45,45,6470,4325
"GATAGGTAACGTTGAC-1","GATAGGTAACGTTGAC-1",24,1,48,60,6832,5356
"GATATGAGACACTAAC-1","GATATGAGACACTAAC-1",15,1,39,81,5760,6805
"GATCATTCCAAACATT-1","GATCATTCCAAACATT-1",14,1,30,56,4676,5089
"GATCCCTTTATACTGC-1","GATCCCTTTATACTGC-1",14,1,28,60,4438,5365
"GATCCGGGAATTAACA-1","GATCCGGGAATTAACA-1",20,1,39,73,5758,6255
"GATCCTCGACACTGGC-1","GATCCTCGACACTGGC-1",23,1,50,32,7065,3429
"GATCGACACTATCTGA-1","GATCGACACTATCTGA-1",24,1,27,47,4315,4471
"GATCGCGGGCTCTCCA-1","GATCGCGGGCTCTCCA-1",17,1,36,52,5394,4811
"GATCGCTACCCGATTT-1","GATCGCTACCCGATTT-1",11,1,50,98,7081,7970
"GATCGGTGGCCATAAC-1","GATCGGTGGCCATAAC-1",21,1,28,68,4440,5915
"GATCGTGACTGATATC-1","GATCGTGACTGATATC-1",23,1,38,72,5638,6186
"GATCTGCTATCTAAGG-1","GATCTGCTATCTAAGG-1",19,1,62,56,8508,5075
"GATCTTGGAGGGCATA-1","GATCTTGGAGGGCATA-1",19,1,44,70,6356,6046
"GATCTTTGCAGGGTAT-1","GATCTTTGCAGGGTAT-1",22,1,36,38,5390,3848
"GATGAGGAACCTTCGG-1","GATGAGGAACCTTCGG-1",5,1,67,81,9113,6793
"GATGCGTCCTGCATTC-1","GATGCGTCCTGCATTC-1",18,1,37,57,5515,5155
"GATGCTGTATTTCATC-1","GATGCTGTATTTCATC-1",16,1,43,75,6238,6391
"GATGTTCAATCCACGA-1","GATGTTCAATCCACGA-1",19,1,41,43,5990,4189
"GATTAACCGAAAGCCC-1","GATTAACCGAAAGCCC-1",25,1,55,93,7679,7624
"GATTACTGAATTTGGG-1","GATTACTGAATTTGGG-1",27,1,41,39,5989,3914
"GATTCCCTTGTCGCAG-1","GATTCCCTTGTCGCAG-1",12,1,25,67,4080,5848
"GATTCGACGGTTCACG-1","GATTCGACGGTTCACG-1",14,1,41,71,5997,6116
"GATTGGGAAAGGTTGT-1","GATTGGGAAAGGTTGT-1",16,1,66,80,8993,6725
"GCAAACCCTACATTAT-1","GCAAACCCTACATTAT-1",16,1,48,82,6838,6870
"GCAAACCTTGGCCATA-1","GCAAACCTTGGCCATA-1",17,1,57,67,7912,5834
"GCAAATATTACGCTTT-1","GCAAATATTACGCTTT-1",22,1,35,41,5271,4054
"GCAACCACGGCCGCGT-1","GCAACCACGGCCGCGT-1",35,1,43,29,6226,3225
"GCAAGAATTCCTTGGC-1","GCAAGAATTCCTTGGC-1",27,1,44,36,6348,3706
"GCACACACTGGTAGCC-1","GCACACACTGGTAGCC-1",20,1,56,94,7799,7692
"GCACGCCTACTTAGAT-1","GCACGCCTACTTAGAT-1",30,1,55,39,7665,3908
"GCACTGCCTACCTTTA-1","GCACTGCCTACCTTTA-1",18,1,66,68,8990,5899
"GCAGATCCATAAGACT-1","GCAGATCCATAAGACT-1",16,1,51,85,7198,7075
"GCAGATTAGGGATATC-1","GCAGATTAGGGATATC-1",21,1,37,61,5516,5430
"GCAGCACACAGCCCAG-1","GCAGCACACAGCCCAG-1",25,1,38,42,5631,4122
"GCAGGACTATAGAATA-1","GCAGGACTATAGAATA-1",26,1,35,37,5270,3779
"GCAGTGTGGCTATAGG-1","GCAGTGTGGCTATAGG-1",17,1,59,83,8155,6934
"GCATAGAGCACTCAGG-1","GCATAGAGCACTCAGG-1",16,1,37,59,5515,5292
"GCATGAGGGACGCGGC-1","GCATGAGGGACGCGGC-1",18,1,30,90,4685,7428
"GCCACAATTTAAGGAC-1","GCCACAATTTAAGGAC-1",28,1,45,39,6468,3912
"GCCATCGAGCTGCGTG-1","GCCATCGAGCTGCGTG-1",24,1,53,47,7428,4459
"GCCCGATCTGTGGTCG-1","GCCCGATCTGTGGTCG-1",23,1,53,63,7432,5560
"GCCCGCGCGTAAACGG-1","GCCCGCGCGTAAACGG-1",25,1,49,41,6947,4048
"GCCCGTAATACCTTCT-1","GCCCGTAATACCTTCT-1",13,1,27,79,4323,6673
"GCCGAAATTCCTACGT-1","GCCGAAATTCCTACGT-1",11,1,35,45,5272,4330
"GCCGATTGGCCAAGCT-1","GCCGATTGGCCAAGCT-1",22,1,41,61,5995,5428
"GCCGCTTGTGAGAAAC-1","GCCGCTTGTGAGAAAC-1",27,1,36,40,5391,3985
"GCCGGGTTAGGGTCGC-1","GCCGGGTTAGGGTCGC-1",17,1,41,59,5994,5290
"GCCTATAGTGTCAGGG-1","GCCTATAGTGTCAGGG-1",8,1,29,91,4565,7498
"GCCTCATCTGGAAATA-1","GCCTCATCTGGAAATA-1",11,1,41,95,6003,7768
"GCCTCTATACATAGCA-1","GCCTCTATACATAGCA-1",21,1,55,75,7674,6385
"GCGAAACTTAACTGGA-1","GCGAAACTTAACTGGA-1",15,1,44,82,6359,6872
"GCGAAGAATCTGACGG-1","GCGAAGAATCTGACGG-1",8,1,66,84,8994,7000
"GCGAAGCCATACCCGT-1","GCGAAGCCATACCCGT-1",17,1,31,61,4797,5432
"GCGACGATAGTTGTAC-1","GCGACGATAGTTGTAC-1",21,1,48,54,6831,4943
"GCGAGGCCCGAGCAGA-1","GCGAGGCCCGAGCAGA-1",29,1,37,47,5512,4466
"GCGAGTTCTGCAAAGA-1","GCGAGTTCTGCAAAGA-1",13,1,35,63,5277,5568
"GCGATTGTTAACGTTA-1","GCGATTGTTAACGTTA-1",13,1,37,77,5520,6531
"GCGCAAGAGCGCGCTG-1","GCGCAAGAGCGCGCTG-1",15,1,40,100,5885,8112
"GCGCATCCAGTCAGCA-1","GCGCATCCAGTCAGCA-1",15,1,29,95,4566,7773
"GCGCCGTTCCACGATA-1","GCGCCGTTCCACGATA-1",25,1,41,65,5996,5703
"GCGCGGTCTAGTAACT-1","GCGCGGTCTAGTAACT-1",10,1,68,60,9227,5347
"GCGCGTCATTGGTACA-1","GCGCGTCATTGGTACA-1",15,1,57,83,7916,6935
"GCGCTAATTGAATAGA-1","GCGCTAATTGAATAGA-1",13,1,34,70,5159,6050
"GCGCTATGCCGAGGCA-1","GCGCTATGCCGAGGCA-1",18,1,43,47,6231,4464
"GCGCTGCTTTGCATTT-1","GCGCTGCTTTGCATTT-1",16,1,28,94,4446,7705
"GCGCTTAAATAATTGG-1","GCGCTTAAATAATTGG-1",16,1,57,89,7917,7348
"GCGGACCGCGTTGTGG-1","GCGGACCGCGTTGTGG-1",26,1,51,43,7187,4185
"GCGGAGAAACTTCGCA-1","GCGGAGAAACTTCGCA-1",21,1,55,33,7664,3495
"GCGGAGAGGGAGAACG-1","GCGGAGAGGGAGAACG-1",11,1,46,78,6597,6596
"GCGGCTCTGACGTACC-1","GCGGCTCTGACGTACC-1",31,1,38,38,5630,3847
"GCGGCTTTAGCAAGTT-1","GCGGCTTTAGCAAGTT-1",5,1,70,78,9471,6585
"GCGGGCGAGCCTTACC-1","GCGGGCGAGCCTTACC-1",19,1,55,51,7668,4734
"GCGGTTCCCTATCATG-1","GCGGTTCCCTATCATG-1",26,1,47,49,6710,4600
"GCGTCGCCAGGGTGAT-1","GCGTCGCCAGGGTGAT-1",21,1,54,62,7551,5491
"GCGTCTCTGCATTGGG-1","GCGTCTCTGCATTGGG-1",25,1,39,41,5750,4053
"GCGTGGTACTGGGTTA-1","GCGTGGTACTGGGTTA-1",13,1,35,95,5285,7770
"GCTAACTGAAGTCTGA-1","GCTAACTGAAGTCTGA-1",17,1,58,88,8037,7279
"GCTAAGTAGTTTCTCT-1","GCTAAGTAGTTTCTCT-1",10,1,34,80,5161,6739
"GCTACGACTTATTGGG-1","GCTACGACTTATTGGG-1",19,1,43,69,6236,5978
"GCTACTATAGTAGAGT-1","GCTACTATAGTAGAGT-1",18,1,50,94,7080,7695
"GCTAGCTTGAATAGCT-1","GCTAGCTTGAATAGCT-1",24,1,52,44,7307,4253
"GCTAGGCACCACGGAG-1","GCTAGGCACCACGGAG-1",14,1,54,84,7557,7005
"GCTAGTAGAGCTTGTA-1","GCTAGTAGAGCTTGTA-1",24,1,39,65,5756,5704
"GCTATACGTCTCGGAC-1","GCTATACGTCTCGGAC-1",19,1,52,88,7318,7281
"GCTATCATACTCATGG-1","GCTATCATACTCATGG-1",16,1,54,78,7555,6592
"GCTCAATCCGTTTATT-1","GCTCAATCCGTTTATT-1",27,1,53,35,7425,3634
"GCTCAATGTAATACCG-1","GCTCAATGTAATACCG-1",14,1,62,58,8508,5212
"GCTCCATGCAAAGCAA-1","GCTCCATGCAAAGCAA-1",16,1,69,55,9346,5003
"GCTCGCTCATGTCCAA-1","GCTCGCTCATGTCCAA-1",11,1,41,99,6004,8043
"GCTCGGAATTTAAAGC-1","GCTCGGAATTTAAAGC-1",19,1,22,84,3725,7019
"GCTCTAAACCCTGACG-1","GCTCTAAACCCTGACG-1",21,1,24,58,3958,5229
"GCTCTCGGGTACCGAA-1","GCTCTCGGGTACCGAA-1",17,1,26,58,4198,5228
"GCTCTTTCCGCTAGTG-1","GCTCTTTCCGCTAGTG-1",20,1,64,54,8747,4936
"GCTGAGGCGTGAGTAT-1","GCTGAGGCGTGAGTAT-1",24,1,40,64,5876,5635
"GCTGCACGGTTTCTTA-1","GCTGCACGGTTTCTTA-1",20,1,41,73,5998,6254
"GCTGCTAAGTAGTCGA-1","GCTGCTAAGTAGTCGA-1",17,1,56,56,7789,5077
"GCTGCTACTGCGTAGC-1","GCTGCTACTGCGTAGC-1",14,1,51,75,7195,6387
"GCTGCTCTCCGGACAC-1","GCTGCTCTCCGGACAC-1",14,1,31,63,4798,5570
"GCTGGCGGCGCATGCT-1","GCTGGCGGCGCATGCT-1",24,1,54,64,7552,5629
"GCTGTATTACTGGCCC-1","GCTGTATTACTGGCCC-1",29,1,46,38,6587,3843
"GCTGTTGCTACCGAAC-1","GCTGTTGCTACCGAAC-1",11,1,39,95,5764,7769
"GCTTAATGTAACTAAC-1","GCTTAATGTAACTAAC-1",18,1,42,84,6120,7010
"GCTTATGAAGCAGGAA-1","GCTTATGAAGCAGGAA-1",14,1,35,89,5283,7357
"GCTTCCGTCCCTAGAC-1","GCTTCCGTCCCTAGAC-1",15,1,29,77,4562,6534
"GCTTGGATCGATTAGG-1","GCTTGGATCGATTAGG-1",17,1,31,97,4806,7910
"GCTTTCAGAGGAGGTG-1","GCTTTCAGAGGAGGTG-1",15,1,33,95,5045,7771
"GGAACCGTGTAAATTG-1","GGAACCGTGTAAATTG-1",30,1,49,47,6949,4461
"GGAATGCGCTAGCGTG-1","GGAATGCGCTAGCGTG-1",12,1,32,82,4922,6877
"GGACCAACAGGATAAC-1","GGACCAACAGGATAAC-1",23,1,51,67,7193,5837
"GGAGACGACACCTTTG-1","GGAGACGACACCTTTG-1",18,1,43,67,6236,5840
"GGAGCACCAAGAACTA-1","GGAGCACCAAGAACTA-1",15,1,26,82,4204,6880
"GGAGCGAGGCCTACTT-1","GGAGCGAGGCCTACTT-1",25,1,67,69,9110,5967
"GGAGGGCTTGGTTGGC-1","GGAGGGCTTGGTTGGC-1",16,1,32,78,4921,6602
"GGATCCGGAATATACT-1","GGATCCGGAATATACT-1",10,1,34,82,5162,6876
"GGATGAAGATCGCTGA-1","GGATGAAGATCGCTGA-1",15,1,42,94,6123,7698
"GGATGACGCGAGTTTA-1","GGATGACGCGAGTTTA-1",31,1,37,45,5512,4329
"GGATGTCCTTACCGCA-1","GGATGTCCTTACCGCA-1",13,1,35,91,5284,7495
"GGATTCCGCTATACCC-1","GGATTCCGCTATACCC-1",17,1,19,81,3365,6814
"GGATTGCTGTGACTCC-1","GGATTGCTGTGACTCC-1",16,1,60,84,8275,7003
"GGATTTCACTTCTATA-1","GGATTTCACTTCTATA-1",12,1,31,83,4803,6946
"GGCAAAGGCGCCAATA-1","GGCAAAGGCGCCAATA-1",24,1,54,34,7544,3564
"GGCAAATTACTTTACT-1","GGCAAATTACTTTACT-1",18,1,41,53,5993,4878
"GGCAAGCCCATAGTGG-1","GGCAAGCCCATAGTGG-1",19,1,67,61,9108,5417
"GGCAAGGCGAAATAGC-1","GGCAAGGCGAAATAGC-1",21,1,45,69,6476,5977
"GGCAATAGTCAATGAG-1","GGCAATAGTCAATGAG-1",13,1,30,70,4680,6052
"GGCACTCCACTGGGCA-1","GGCACTCCACTGGGCA-1",17,1,34,46,5153,4399
"GGCCGGCGTCTGCTAT-1","GGCCGGCGTCTGCTAT-1",12,1,65,79,8873,6656
"GGCCGTTTGGGTTTCA-1","GGCCGTTTGGGTTTCA-1",20,1,59,45,8146,4319
"GGCGAAATCTAACTTG-1","GGCGAAATCTAACTTG-1",14,1,43,87,6241,7216
"GGCGCATGAATTGATG-1","GGCGCATGAATTGATG-1",27,1,42,54,6113,4946
"GGCGCGGAGATCTTTC-1","GGCGCGGAGATCTTTC-1",14,1,58,86,8036,7141
"GGCGCGTTCGAGTTTA-1","GGCGCGTTCGAGTTTA-1",24,1,47,59,6712,5288
"GGCGCTTCATTCCCTG-1","GGCGCTTCATTCCCTG-1",12,1,67,71,9110,6105
"GGCGGAGTAATATTAG-1","GGCGGAGTAATATTAG-1",28,1,32,46,4913,4400
"GGCGGTAGGATCATTG-1","GGCGGTAGGATCATTG-1",16,1,31,69,4799,5983
"GGCGTAGGGAAAGCTG-1","GGCGTAGGGAAAGCTG-1",17,1,64,82,8754,6863
"GGCTACTATACACTCC-1","GGCTACTATACACTCC-1",17,1,64,44,8744,4248
"GGCTATTAAGTTGTAT-1","GGCTATTAAGTTGTAT-1",23,1,33,41,5032,4055
"GGCTCGCGTTGAGGTA-1","GGCTCGCGTTGAGGTA-1",17,1,31,93,4805,7634
"GGCTCTGCTCCAACGC-1","GGCTCTGCTCCAACGC-1",15,1,26,72,4201,6192
"GGCTGAAATAGCAAAG-1","GGCTGAAATAGCAAAG-1",18,1,49,79,6957,6663
"GGCTTTCAATAAGGGT-1","GGCTTTCAATAAGGGT-1",19,1,60,62,8270,5489
"GGGAACGGGAGGTTAG-1","GGGAACGGGAGGTTAG-1",31,1,39,37,5749,3777
"GGGAAGACGGTCTGTC-1","GGGAAGACGGTCTGTC-1",19,1,64,76,8752,6450
"GGGAAGGGCTTTCTCA-1","GGGAAGGGCTTTCTCA-1",15,1,63,87,8635,7208
"GGGACCCGTATATCTT-1","GGGACCCGTATATCTT-1",22,1,57,53,7908,4871
"GGGACTGCATAGATAG-1","GGGACTGCATAGATAG-1",19,1,32,60,4917,5363
"GGGAGAACTCACAGTA-1","GGGAGAACTCACAGTA-1",24,1,32,64,4918,5638
"GGGAGCGACCGTAGTG-1","GGGAGCGACCGTAGTG-1",7,1,68,86,9234,7137
"GGGAGGATGCCCGAAA-1","GGGAGGATGCCCGAAA-1",22,1,37,51,5513,4742
"GGGAGTTAATGAGGCG-1","GGGAGTTAATGAGGCG-1",16,1,33,75,5040,6395
"GGGATGGTCGTAACCG-1","GGGATGGTCGTAACCG-1",31,1,47,43,6708,4187
"GGGATTTACCGCACCT-1","GGGATTTACCGCACCT-1",11,1,42,90,6122,7423
"GGGCAGAGCAATCGTT-1","GGGCAGAGCAATCGTT-1",17,1,58,60,8030,5352
"GGGCCCGTCTTAAACA-1","GGGCCCGTCTTAAACA-1",21,1,42,52,6112,4808
"GGGCCGGCCGAAGTAC-1","GGGCCGGCCGAAGTAC-1",19,1,36,84,5402,7013
"GGGCGATATGTGTGAA-1","GGGCGATATGTGTGAA-1",20,1,28,58,4437,5227
"GGGCGGCAAATGAATT-1","GGGCGGCAAATGAATT-1",26,1,49,45,6948,4324
"GGGCGGGTTCCCTACG-1","GGGCGGGTTCCCTACG-1",19,1,43,37,6228,3776
"GGGCGTACATTTATAT-1","GGGCGTACATTTATAT-1",21,1,24,54,3957,4954
"GGGCGTCACCACGTAA-1","GGGCGTCACCACGTAA-1",29,1,48,50,6830,4668
"GGGCGTGGTTTCCCAG-1","GGGCGTGGTTTCCCAG-1",14,1,61,81,8394,6796
"GGGCTATGATCGATGG-1","GGGCTATGATCGATGG-1",16,1,57,51,7908,4733
"GGGCTCATCGAACCCA-1","GGGCTCATCGAACCCA-1",13,1,25,89,4086,7362
"GGGCTGCCTAGGGCGA-1","GGGCTGCCTAGGGCGA-1",20,1,33,69,5039,5982
"GGGCTGGTTAGTCGCG-1","GGGCTGGTTAGTCGCG-1",17,1,31,51,4795,4744
"GGGTACTTCATGAACT-1","GGGTACTTCATGAACT-1",24,1,37,39,5510,3916
"GGGTCACCGTGACGGT-1","GGGTCACCGTGACGGT-1",27,1,35,47,5273,4467
"GGGTCAGGAGCTAGAT-1","GGGTCAGGAGCTAGAT-1",18,1,65,55,8867,5005
"GGGTGACACCTTAACT-1","GGGTGACACCTTAACT-1",27,1,46,56,6592,5082
"GGGTTAACATTTGAGT-1","GGGTTAACATTTGAGT-1",26,1,54,50,7548,4665
"GGTACAAACATGCTAT-1","GGTACAAACATGCTAT-1",22,1,40,54,5873,4947
"GGTAGAAGACCGCCTG-1","GGTAGAAGACCGCCTG-1",14,1,53,71,7434,6111
"GGTAGACCGTTGGGCG-1","GGTAGACCGTTGGGCG-1",27,1,53,53,7429,4872
"GGTAGTGCTCGCACCA-1","GGTAGTGCTCGCACCA-1",14,1,34,72,5159,6188
"GGTATTGCCGAGTTTA-1","GGTATTGCCGAGTTTA-1",20,1,33,53,5035,4881
"GGTCAGTGGGTCCCAC-1","GGTCAGTGGGTCCCAC-1",28,1,48,62,6833,5494
"GGTCGGCCAGGAGCTT-1","GGTCGGCCAGGAGCTT-1",13,1,32,84,4923,7015
"GGTCGGTCGTCCACAG-1","GGTCGGTCGTCCACAG-1",20,1,56,52,7788,4802
"GGTCTCTGAATGGACT-1","GGTCTCTGAATGGACT-1",28,1,52,34,7305,3565
"GGTCTGAGAATCTGGA-1","GGTCTGAGAATCTGGA-1",12,1,30,80,4682,6740
"GGTCTTGAGCGCTCTT-1","GGTCTTGAGCGCTCTT-1",22,1,65,65,8869,5693
"GGTGAAGTACAGGGAT-1","GGTGAAGTACAGGGAT-1",30,1,47,37,6707,3774
"GGTGATAAGGAGCAGT-1","GGTGATAAGGAGCAGT-1",13,1,37,79,5520,6668
"GGTGCTGGTACACATT-1","GGTGCTGGTACACATT-1",25,1,42,46,6111,4395
"GGTGGACTGCTCTGGC-1","GGTGGACTGCTCTGGC-1",12,1,55,85,7677,7073
"GGTGTAAATCGATTGT-1","GGTGTAAATCGATTGT-1",18,1,69,65,9348,5691
"GGTTACCACCCTCGGG-1","GGTTACCACCCTCGGG-1",30,1,45,33,6466,3500
"GGTTAGCTATATGTCT-1","GGTTAGCTATATGTCT-1",15,1,47,87,6719,7215
"GGTTTACAATCTCAAT-1","GGTTTACAATCTCAAT-1",13,1,25,73,4082,6261
"GGTTTCAATCGGTCAG-1","GGTTTCAATCGGTCAG-1",14,1,33,91,5044,7496
"GTAAGCGGGCAGTCAG-1","GTAAGCGGGCAGTCAG-1",19,1,23,63,3840,5574
"GTAAGTAACAGTCTGG-1","GTAAGTAACAGTCTGG-1",11,1,40,82,5880,6874
"GTAATCTGATTCTTCG-1","GTAATCTGATTCTTCG-1",24,1,50,44,7068,4254
"GTACACTTACCTGAAG-1","GTACACTTACCTGAAG-1",25,1,36,64,5397,5637
"GTACAGAGGCAAGGGT-1","GTACAGAGGCAAGGGT-1",13,1,37,83,5521,6944
"GTACGCTTCATTGCAC-1","GTACGCTTCATTGCAC-1",25,1,46,72,6596,6183
"GTACGTTTGCCCGTCA-1","GTACGTTTGCCCGTCA-1",20,1,44,68,6356,5908
"GTACTAAGATTTGGAG-1","GTACTAAGATTTGGAG-1",14,1,27,55,4317,5021
"GTACTGGAGTTAGACC-1","GTACTGGAGTTAGACC-1",14,1,33,81,5042,6808
"GTAGACACGCCTGACT-1","GTAGACACGCCTGACT-1",19,1,63,67,8630,5831
"GTAGAGGGAGACAAGT-1","GTAGAGGGAGACAAGT-1",26,1,51,31,7184,3359
"GTAGCCAAACATGGGA-1","GTAGCCAAACATGGGA-1",15,1,50,70,7074,6043
"GTAGCGGCTATACACT-1","GTAGCGGCTATACACT-1",21,1,39,69,5757,5979
"GTAGCTTCCTCTTGTT-1","GTAGCTTCCTCTTGTT-1",10,1,31,89,4804,7359
"GTAGTCGCGGGAATCA-1","GTAGTCGCGGGAATCA-1",17,1,49,81,6957,6801
"GTAGTCTACGATATTG-1","GTAGTCTACGATATTG-1",17,1,63,77,8633,6520
"GTATCTTTCATAACCA-1","GTATCTTTCATAACCA-1",18,1,46,66,6594,5770
"GTATGTGGGTCTAGTT-1","GTATGTGGGTCTAGTT-1",21,1,38,92,5643,7563
"GTATTCTGAGAAACGA-1","GTATTCTGAGAAACGA-1",27,1,48,38,6827,3842
"GTCAAGCGGACTCGGG-1","GTCAAGCGGACTCGGG-1",14,1,39,77,5759,6530
"GTCATGCACCTCCGTT-1","GTCATGCACCTCCGTT-1",14,1,29,61,4558,5433
"GTCATGGACATGACTA-1","GTCATGGACATGACTA-1",22,1,26,62,4199,5503
"GTCATTAGAGCGAACG-1","GTCATTAGAGCGAACG-1",19,1,37,67,5517,5843
"GTCCAATATTTAGCCT-1","GTCCAATATTTAGCCT-1",15,1,65,53,8866,4867
"GTCCCAACGTAAAGTA-1","GTCCCAACGTAAAGTA-1",21,1,33,73,5040,6257
"GTCCCGCGACGTTATG-1","GTCCCGCGACGTTATG-1",17,1,58,82,8035,6866
"GTCCGGACCTGAAATT-1","GTCCGGACCTGAAATT-1",14,1,54,88,7558,7280
"GTCCGGCTGAATTGCG-1","GTCCGGCTGAATTGCG-1",22,1,28,52,4436,4814
"GTCCTACGAATAGTCT-1","GTCCTACGAATAGTCT-1",22,1,53,91,7439,7487
"GTCGCCGTTGTGTGTT-1","GTCGCCGTTGTGTGTT-1",24,1,57,43,7906,4182
"GTCGCGTAACCCGTTG-1","GTCGCGTAACCCGTTG-1",17,1,39,75,5759,6392
"GTCGGATATCTCAGAC-1","GTCGGATATCTCAGAC-1",21,1,32,36,4911,3712
"GTCGGGAAGCAGAAAC-1","GTCGGGAAGCAGAAAC-1",22,1,59,65,8151,5695
"GTCGTACCATCTCGGG-1","GTCGTACCATCTCGGG-1",15,1,46,62,6593,5495
"GTCGTTATTCGCTTAT-1","GTCGTTATTCGCTTAT-1",14,1,46,76,6597,6458
"GTCTATCTGAGTTTCT-1","GTCTATCTGAGTTTCT-1",30,1,40,42,5870,4121
"GTCTATTGGTTCCGGT-1","GTCTATTGGTTCCGGT-1",15,1,50,90,7079,7420
"GTCTCAAGGCCCGGCT-1","GTCTCAAGGCCCGGCT-1",16,1,60,66,8271,5764
"GTCTGGGCGGTCGAGA-1","GTCTGGGCGGTCGAGA-1",22,1,46,44,6589,4256
"GTGAAACGGCGCCACC-1","GTGAAACGGCGCCACC-1",12,1,24,88,3966,7293
"GTGACAGCTTCCCACT-1","GTGACAGCTTCCCACT-1",17,1,64,74,8752,6313
"GTGACCGCACACTACG-1","GTGACCGCACACTACG-1",19,1,39,91,5763,7493
"GTGACGCAGGTTTCAT-1","GTGACGCAGGTTTCAT-1",15,1,65,75,8872,6381
"GTGACTTCAGTAGTGC-1","GTGACTTCAGTAGTGC-1",23,1,46,50,6590,4669
"GTGAGGACACTTAAGG-1","GTGAGGACACTTAAGG-1",16,1,41,77,5999,6529
"GTGAGTGGTACAACGC-1","GTGAGTGGTACAACGC-1",26,1,52,56,7310,5079
"GTGATCACTAACGCCT-1","GTGATCACTAACGCCT-1",17,1,47,97,6722,7903
"GTGATCATAGATCTGC-1","GTGATCATAGATCTGC-1",22,1,45,57,6473,5151
"GTGATCCTTGTCATGA-1","GTGATCCTTGTCATGA-1",14,1,62,84,8515,7002
"GTGATTCGCCGCTCAA-1","GTGATTCGCCGCTCAA-1",21,1,48,40,6827,3980
"GTGCACCAGCTTCAAC-1","GTGCACCAGCTTCAAC-1",22,1,66,54,8986,4935
"GTGCCATCACACGGTG-1","GTGCCATCACACGGTG-1",27,1,42,34,6108,3570
"GTGCCCGTTCGGATTC-1","GTGCCCGTTCGGATTC-1",19,1,39,85,5761,7080
"GTGCCGCTTCAAAGGT-1","GTGCCGCTTCAAAGGT-1",25,1,44,44,6350,4257
"GTGCGAAATCGAACAC-1","GTGCGAAATCGAACAC-1",18,1,45,43,6469,4188
"GTGCGACAGGGAGTGT-1","GTGCGACAGGGAGTGT-1",9,1,36,100,5406,8114
"GTGCGTGTATATGAGC-1","GTGCGTGTATATGAGC-1",13,1,41,83,6000,6942
"GTGGACCAACCCGATT-1","GTGGACCAACCCGATT-1",29,1,45,29,6465,3224
"GTGGACGCATTTGTCC-1","GTGGACGCATTTGTCC-1",21,1,56,64,7791,5628
"GTGGAGTCGGCGGTTG-1","GTGGAGTCGGCGGTTG-1",29,1,54,38,7545,3840
"GTGGTATAGTCTGCCG-1","GTGGTATAGTCTGCCG-1",23,1,57,41,7905,4045
"GTGGTGGCCAAGTGAA-1","GTGGTGGCCAAGTGAA-1",23,1,45,79,6478,6665
"GTGGTTTCCGCCTTTC-1","GTGGTTTCCGCCTTTC-1",17,1,42,32,6107,3432
"GTGTACCTTGGCTACG-1","GTGTACCTTGGCTACG-1",16,1,26,78,4203,6604
"GTGTATATCAGCGGGC-1","GTGTATATCAGCGGGC-1",16,1,58,76,8034,6453
"GTGTCGTATAGCGTTC-1","GTGTCGTATAGCGTTC-1",13,1,54,76,7555,6455
"GTGTGAATAACTTAGG-1","GTGTGAATAACTTAGG-1",12,1,33,83,5042,6945
"GTGTTACTATGCGTCC-1","GTGTTACTATGCGTCC-1",21,1,41,75,5998,6391
"GTTAAAGTAGGACTGG-1","GTTAAAGTAGGACTGG-1",25,1,49,83,6958,6938
"GTTAACATCACTTAAA-1","GTTAACATCACTTAAA-1",15,1,55,73,7674,6248
"GTTAAGGGTGCGATGT-1","GTTAAGGGTGCGATGT-1",17,1,61,71,8392,6107
"GTTACAATTGGTGACG-1","GTTACAATTGGTGACG-1",31,1,37,33,5509,3503
"GTTACCTACAACTTGC-1","GTTACCTACAACTTGC-1",29,1,47,67,6714,5838
"GTTACTTTGGGCCTAG-1","GTTACTTTGGGCCTAG-1",32,1,43,51,6232,4739
"GTTAGCCCATGACATC-1","GTTAGCCCATGACATC-1",13,1,67,75,9111,6380
"GTTATATTATCTCCCT-1","GTTATATTATCTCCCT-1",21,1,48,56,6831,5081
"GTTCGCCATAAGTGCC-1","GTTCGCCATAAGTGCC-1",18,1,37,53,5514,4879
"GTTCGTCTAAAGAACT-1","GTTCGTCTAAAGAACT-1",12,1,51,89,7199,7350
"GTTCGTCTGGGTCCCT-1","GTTCGTCTGGGTCCCT-1",0,1,21,119,3614,9428
"GTTGAACCGGTTCCAT-1","GTTGAACCGGTTCCAT-1",24,1,42,40,6109,3983
"GTTGAGTCCCGCCGGT-1","GTTGAGTCCCGCCGGT-1",21,1,52,78,7316,6593
"GTTGGATTGAGAACAC-1","GTTGGATTGAGAACAC-1",15,1,32,88,4924,7290
"GTTGGATTTGCGTTGG-1","GTTGGATTTGCGTTGG-1",18,1,36,50,5393,4673
"GTTGGTCATGCTATCC-1","GTTGGTCATGCTATCC-1",24,1,55,63,7671,5560
"GTTTACGTTCCATCTG-1","GTTTACGTTCCATCTG-1",24,1,48,64,6833,5631
"GTTTCCTGGAGGGTGA-1","GTTTCCTGGAGGGTGA-1",18,1,25,49,4076,4609
"GTTTCTGCAGTCTCCC-1","GTTTCTGCAGTCTCCC-1",16,1,40,72,5878,6185
"GTTTGACCAAATCCTA-1","GTTTGACCAAATCCTA-1",17,1,30,58,4677,5226
"GTTTGGCCCAAGTTAT-1","GTTTGGCCCAAGTTAT-1",14,1,42,80,6119,6735
"GTTTGGGCTTGTGAGC-1","GTTTGGGCTTGTGAGC-1",24,1,51,65,7193,5699
"GTTTGGTAGGGTCAAC-1","GTTTGGTAGGGTCAAC-1",21,1,53,59,7431,5285
"TAAACCCAGGAGGGCA-1","TAAACCCAGGAGGGCA-1",27,1,54,36,7545,3702
"TAAAGCGGTATTTCCA-1","TAAAGCGGTATTTCCA-1",16,1,63,49,8626,4593
"TAAAGCGTTAGGAGAA-1","TAAAGCGTTAGGAGAA-1",12,1,28,88,4445,7292
"TAACATACAATGTGGG-1","TAACATACAATGTGGG-1",20,1,38,70,5638,6049
"TAACTCATCCGCGCGG-1","TAACTCATCCGCGCGG-1",33,1,43,49,6231,4601
"TAAGGCAACATAAGAT-1","TAAGGCAACATAAGAT-1",17,1,25,71,4081,6123
"TAAGGCATAACATCAA-1","TAAGGCATAACATCAA-1",28,1,57,49,7907,4595
"TAAGGCCCGTCACCCT-1","TAAGGCCCGTCACCCT-1",21,1,62,70,8511,6038
"TAAGGCTGAATCCCTC-1","TAAGGCTGAATCCCTC-1",13,1,45,97,6483,7904
"TAAGGGCCTGTCCGAT-1","TAAGGGCCTGTCCGAT-1",0,1,57,95,7919,7761
"TAAGTAACATCTTGAC-1","TAAGTAACATCTTGAC-1",25,1,46,40,6588,3981
"TAAGTCGCCGAGTATC-1","TAAGTCGCCGAGTATC-1",21,1,54,32,7544,3427
"TAAGTTGCGACGTAGG-1","TAAGTTGCGACGTAGG-1",16,1,53,95,7440,7763
"TAATACACAGTAGTAT-1","TAATACACAGTAGTAT-1",20,1,20,64,3481,5644
"TAATAGAACAGAGTTA-1","TAATAGAACAGAGTTA-1",27,1,50,38,7066,3841
"TAATAGTGACGACCAG-1","TAATAGTGACGACCAG-1",16,1,27,83,4324,6948
"TACAACGCACAACTCA-1","TACAACGCACAACTCA-1",25,1,41,49,5992,4602
"TACAGAAACGGTGGGC-1","TACAGAAACGGTGGGC-1",16,1,59,85,8156,7072
"TACATAGGCATACACC-1","TACATAGGCATACACC-1",21,1,40,60,5875,5360
"TACATTTCTAACGTGC-1","TACATTTCTAACGTGC-1",22,1,39,55,5754,5016
"TACCAAATAGCCCAGA-1","TACCAAATAGCCCAGA-1",19,1,59,61,8150,5420
"TACCAATAAAGTACCA-1","TACCAATAAAGTACCA-1",14,1,55,83,7676,6936
"TACCAGAAGTAGGTTC-1","TACCAGAAGTAGGTTC-1",23,1,49,51,6950,4736
"TACCGCGGACTTGCAG-1","TACCGCGGACTTGCAG-1",14,1,33,97,5046,7909
"TACCGGCTCACTGCCC-1","TACCGGCTCACTGCCC-1",24,1,47,65,6714,5701
"TACCGGTCGTTTCCAT-1","TACCGGTCGTTTCCAT-1",22,1,44,34,6347,3569
"TACCGTAGGTTAACTA-1","TACCGTAGGTTAACTA-1",17,1,59,57,8149,5145
"TACCGTGCCTCGGACC-1","TACCGTGCCTCGGACC-1",23,1,51,69,7194,5974
"TACCTACTCCCAGTAT-1","TACCTACTCCCAGTAT-1",20,1,58,62,8030,5489
"TACCTCAGTTGTCTGT-1","TACCTCAGTTGTCTGT-1",28,1,60,50,8267,4663
"TACCTTAAGATTTCCC-1","TACCTTAAGATTTCCC-1",30,1,49,29,6944,3223
"TACGAACACGACTTCA-1","TACGAACACGACTTCA-1",16,1,31,53,4795,4882
"TACGACGCTTGCTGCG-1","TACGACGCTTGCTGCG-1",15,1,46,54,6591,4944
"TACGACTGCCTCTTAG-1","TACGACTGCCTCTTAG-1",23,1,44,66,6355,5771
"TACGAGAACTTCACGT-1","TACGAGAACTTCACGT-1",24,1,35,39,5271,3917
"TACGATGTTGATCATC-1","TACGATGTTGATCATC-1",24,1,35,35,5270,3642
"TACGCAGTTCTTTCCT-1","TACGCAGTTCTTTCCT-1",25,1,41,51,5992,4740
"TACGCCATATTCTAAT-1","TACGCCATATTCTAAT-1",21,1,40,58,5874,5222
"TACGCCTCCATTCCGA-1","TACGCCTCCATTCCGA-1",18,1,55,59,7670,5284
"TACGGAAGCCAAACCA-1","TACGGAAGCCAAACCA-1",3,1,69,73,9350,6242
"TACGGGATGCTAGCAG-1","TACGGGATGCTAGCAG-1",17,1,21,83,3605,6951
"TACGTACTAGTGCTGA-1","TACGTACTAGTGCTGA-1",24,1,62,42,8504,4111
"TACGTTTACCGGCAAT-1","TACGTTTACCGGCAAT-1",23,1,40,32,5868,3433
"TACTATGGTTCCTCAG-1","TACTATGGTTCCTCAG-1",24,1,57,47,7907,4458
"TACTCTCCGAACAAAT-1","TACTCTCCGAACAAAT-1",18,1,21,81,3605,6813
"TACTCTTTCGTCTTCA-1","TACTCTTTCGTCTTCA-1",25,1,58,46,8026,4388
"TACTGAACAGATTTAG-1","TACTGAACAGATTTAG-1",21,1,56,44,7786,4252
"TACTTGTTAGTAGTCC-1","TACTTGTTAGTAGTCC-1",17,1,37,87,5522,7219
"TACTTTACTGAGCCGG-1","TACTTTACTGAGCCGG-1",16,1,30,96,4686,7841
"TAGAAAGGTGGCGCTA-1","TAGAAAGGTGGCGCTA-1",15,1,31,81,4802,6809
"TAGACGAAACGCCAAT-1","TAGACGAAACGCCAAT-1",13,1,63,73,8632,6244
"TAGACGCCCGTACCGG-1","TAGACGCCCGTACCGG-1",10,1,32,90,4924,7428
"TAGAGGGAGTTTATCT-1","TAGAGGGAGTTTATCT-1",11,1,73,65,9827,5689
"TAGAGGTTCTACTTGT-1","TAGAGGTTCTACTTGT-1",9,1,54,96,7560,7831
"TAGAGTCTAAGCGAAC-1","TAGAGTCTAAGCGAAC-1",24,1,29,55,4556,5020
"TAGATATGGACTGGAA-1","TAGATATGGACTGGAA-1",22,1,49,53,6950,4874
"TAGCCATTTCAAAGTC-1","TAGCCATTTCAAAGTC-1",19,1,43,89,6241,7354
"TAGCCGGCGGTCAGCG-1","TAGCCGGCGGTCAGCG-1",15,1,33,85,5043,7083
"TAGCGTCCGGTGTGGT-1","TAGCGTCCGGTGTGGT-1",13,1,53,77,7435,6524
"TAGCGTTGGGTCTTAC-1","TAGCGTTGGGTCTTAC-1",15,1,38,68,5637,5911
"TAGCTAAGTCCGGGAG-1","TAGCTAAGTCCGGGAG-1",18,1,29,57,4557,5158
"TAGCTAGAAGGCATGA-1","TAGCTAGAAGGCATGA-1",27,1,51,51,7189,4736
"TAGCTAGTGATGATGG-1","TAGCTAGTGATGATGG-1",21,1,60,48,8266,4525
"TAGCTCGCCTGATAAC-1","TAGCTCGCCTGATAAC-1",26,1,50,58,7071,5218
"TAGGCATGTTACGCCA-1","TAGGCATGTTACGCCA-1",11,1,23,85,3845,7087
"TAGGGAGCTTGGGATG-1","TAGGGAGCTTGGGATG-1",22,1,36,96,5405,7839
"TAGGTGACGATAACCT-1","TAGGTGACGATAACCT-1",16,1,61,79,8394,6658
"TAGGTGCTCGCCTAGC-1","TAGGTGCTCGCCTAGC-1",11,1,40,86,5881,7149
"TAGGTGTTCCACAGAT-1","TAGGTGTTCCACAGAT-1",15,1,60,60,8269,5351
"TAGGTTCGAGTTCGTC-1","TAGGTTCGAGTTCGTC-1",21,1,35,67,5278,5844
"TAGTAGCTTATACCAG-1","TAGTAGCTTATACCAG-1",25,1,61,43,8385,4181
"TAGTCCCGGAGACCAC-1","TAGTCCCGGAGACCAC-1",22,1,66,48,8985,4523
"TAGTCCGCAGAGAATG-1","TAGTCCGCAGAGAATG-1",17,1,39,53,5753,4878
"TAGTCGATCACGGGTT-1","TAGTCGATCACGGGTT-1",17,1,48,96,6841,7833
"TAGTCTAACAACGAGA-1","TAGTCTAACAACGAGA-1",22,1,40,34,5868,3571
"TAGTGCCCTCCAGAGT-1","TAGTGCCCTCCAGAGT-1",25,1,32,52,4915,4813
"TATACACAGACGCCTT-1","TATACACAGACGCCTT-1",26,1,50,60,7072,5355
"TATACGCGTCATCACT-1","TATACGCGTCATCACT-1",11,1,60,68,8271,5901
"TATAGAGTCGCTTGAA-1","TATAGAGTCGCTTGAA-1",25,1,64,46,8745,4386
"TATAGATGGTCGCAGT-1","TATAGATGGTCGCAGT-1",2,1,40,102,5885,8250
"TATATCCCTGGGAGGA-1","TATATCCCTGGGAGGA-1",15,1,36,98,5405,7976
"TATCCAATTGGTTATC-1","TATCCAATTGGTTATC-1",13,1,55,79,7675,6661
"TATCCGCACCGTCGGG-1","TATCCGCACCGTCGGG-1",20,1,59,53,8148,4870
"TATCGATCTATGCATA-1","TATCGATCTATGCATA-1",16,1,22,88,3726,7294
"TATCTACCACAGCGGG-1","TATCTACCACAGCGGG-1",21,1,42,60,6114,5359
"TATGATCTTCTCTTTA-1","TATGATCTTCTCTTTA-1",15,1,58,90,8037,7416
"TATGCTCCCTACTTAC-1","TATGCTCCCTACTTAC-1",18,1,25,61,4079,5435
"TATGGATGTGCTACGC-1","TATGGATGTGCTACGC-1",16,1,26,54,4197,4953
"TATGGGACCGAGCAGG-1","TATGGGACCGAGCAGG-1",18,1,36,56,5395,5086
"TATGGGTACGTATCGT-1","TATGGGTACGTATCGT-1",18,1,32,58,4916,5226
"TATGGTCTGAGTAACA-1","TATGGTCTGAGTAACA-1",22,1,36,58,5395,5224
"TATGTCTCATTGTGCC-1","TATGTCTCATTGTGCC-1",15,1,30,82,4683,6878
"TATTAACCTGACCGCG-1","TATTAACCTGACCGCG-1",26,1,57,45,7906,4320
"TATTACCATCCTGCTT-1","TATTACCATCCTGCTT-1",12,1,38,96,5644,7838
"TATTCAATTCTAATCC-1","TATTCAATTCTAATCC-1",19,1,34,74,5160,6326
"TATTCCACTCAGCTCG-1","TATTCCACTCAGCTCG-1",21,1,49,57,6951,5149
"TATTCCGAGCTGTTAT-1","TATTCCGAGCTGTTAT-1",13,1,54,86,7557,7143
"TATTCCTCCGCCCACT-1","TATTCCTCCGCCCACT-1",30,1,48,32,6825,3429
"TATTCGTGCCAGAATA-1","TATTCGTGCCAGAATA-1",25,1,34,64,5157,5638
"TCAAACAACCGCGTCG-1","TCAAACAACCGCGTCG-1",22,1,24,60,3959,5367
"TCAAACTTAGATTGTT-1","TCAAACTTAGATTGTT-1",22,1,31,65,4798,5708
"TCAAATTTGAGACTCA-1","TCAAATTTGAGACTCA-1",19,1,60,70,8272,6039
"TCAACATAGCGCCCTA-1","TCAACATAGCGCCCTA-1",26,1,58,44,8026,4251
"TCAACCATGTTCGGGC-1","TCAACCATGTTCGGGC-1",15,1,25,51,4076,4747
"TCAACGAGGAGACAAA-1","TCAACGAGGAGACAAA-1",14,1,42,56,6113,5084
"TCAACGCAGGAAATAA-1","TCAACGCAGGAAATAA-1",33,1,49,31,6945,3360
"TCAATACGCCGTCATG-1","TCAATACGCCGTCATG-1",19,1,63,61,8629,5418
"TCACAGCAAACTCGAA-1","TCACAGCAAACTCGAA-1",22,1,51,49,7189,4598
"TCACAGGAGAATAAGA-1","TCACAGGAGAATAAGA-1",24,1,55,49,7668,4596
"TCACAGGGAATCGCAA-1","TCACAGGGAATCGCAA-1",19,1,47,79,6717,6664
"TCACAGGTTATTGGGC-1","TCACAGGTTATTGGGC-1",23,1,32,48,4914,4537
"TCACCCTCTTAAGATT-1","TCACCCTCTTAAGATT-1",25,1,45,59,6473,5289
"TCACCGCTCGGCACTC-1","TCACCGCTCGGCACTC-1",16,1,30,92,4685,7566
"TCACGCATTGTAGATC-1","TCACGCATTGTAGATC-1",21,1,33,49,5034,4606
"TCACGTGCCCGATTCA-1","TCACGTGCCCGATTCA-1",19,1,38,62,5636,5498
"TCAGACGCTATAGAAG-1","TCAGACGCTATAGAAG-1",22,1,48,72,6835,6182
"TCAGCAAATGCATCTC-1","TCAGCAAATGCATCTC-1",18,1,31,73,4800,6258
"TCAGCAGTAGGCCCTG-1","TCAGCAGTAGGCCCTG-1",19,1,61,41,8384,4043
"TCAGGGTGTAACGTAA-1","TCAGGGTGTAACGTAA-1",14,1,28,72,4441,6191
"TCAGGTTCTTTGAGAA-1","TCAGGTTCTTTGAGAA-1",22,1,30,42,4673,4125
"TCAGTAGGGACTATAA-1","TCAGTAGGGACTATAA-1",25,1,46,48,6590,4531
"TCATATGAGCTTTGTT-1","TCATATGAGCTTTGTT-1",20,1,64,62,8749,5487
"TCATTTAAGTCTCCGA-1","TCATTTAAGTCTCCGA-1",15,1,35,99,5286,8046
"TCCAACTTTAAATTCT-1","TCCAACTTTAAATTCT-1",30,1,40,40,5870,3983
"TCCAAGCCTAGACACA-1","TCCAAGCCTAGACACA-1",10,1,67,79,9112,6655
"TCCAATAAAGGCTACC-1","TCCAATAAAGGCTACC-1",23,1,63,53,8627,4868
"TCCACATCGTATATTG-1","TCCACATCGTATATTG-1",22,1,69,67,9349,5829
"TCCACCTCTAGCCTTT-1","TCCACCTCTAGCCTTT-1",21,1,61,53,8387,4869
"TCCACTTTATCTAGGT-1","TCCACTTTATCTAGGT-1",18,1,31,79,4802,6671
"TCCAGAGCACCGGTTC-1","TCCAGAGCACCGGTTC-1",16,1,40,70,5877,6048
"TCCAGGCGAGTACGGT-1","TCCAGGCGAGTACGGT-1",20,1,31,57,4796,5157
"TCCAGGGTATATACGA-1","TCCAGGGTATATACGA-1",24,1,61,63,8390,5557
"TCCCAAAGACGAAGGA-1","TCCCAAAGACGAAGGA-1",17,1,26,60,4198,5366
"TCCCAGCTTTAGTCTG-1","TCCCAGCTTTAGTCTG-1",19,1,34,56,5155,5087
"TCCCAGGCTTAGCTAA-1","TCCCAGGCTTAGCTAA-1",23,1,30,48,4674,4538
"TCCCGCGTACTCCTGG-1","TCCCGCGTACTCCTGG-1",17,1,27,69,4320,5985
"TCCCGGGTGTGCTGCT-1","TCCCGGGTGTGCTGCT-1",21,1,34,34,5150,3573
"TCCCGTCAGTCCCGCA-1","TCCCGTCAGTCCCGCA-1",14,1,23,75,3843,6399
"TCCCGTGTGCAATTTG-1","TCCCGTGTGCAATTTG-1",15,1,44,80,6359,6734
"TCCGATGACTGAGCTC-1","TCCGATGACTGAGCTC-1",11,1,22,76,3723,6469
"TCCGATGGTGCGACAT-1","TCCGATGGTGCGACAT-1",20,1,25,53,4077,4885
"TCCGCCTGTCTACAAG-1","TCCGCCTGTCTACAAG-1",16,1,56,74,7794,6316
"TCCGCGGCAGCATCTG-1","TCCGCGGCAGCATCTG-1",17,1,34,84,5162,7014
"TCCGCTGTCATCCCGG-1","TCCGCTGTCATCCCGG-1",14,1,47,81,6718,6802
"TCCGCTTATCCCATTA-1","TCCGCTTATCCCATTA-1",21,1,50,64,7073,5631
"TCCGGTTCGTCCGGTC-1","TCCGGTTCGTCCGGTC-1",23,1,51,53,7190,4873
"TCCGTTTAGCCTTGAA-1","TCCGTTTAGCCTTGAA-1",17,1,29,89,4565,7360
"TCCTAACCGTCGGGCA-1","TCCTAACCGTCGGGCA-1",28,1,62,46,8505,4387
"TCCTACATCCACGGCC-1","TCCTACATCCACGGCC-1",17,1,46,84,6599,7009
"TCCTAGCAAAGAAGCT-1","TCCTAGCAAAGAAGCT-1",18,1,41,41,5990,4052
"TCCTCGGGCTGGGCTT-1","TCCTCGGGCTGGGCTT-1",23,1,40,76,5879,6461
"TCCTTACGACGGTCCG-1","TCCTTACGACGGTCCG-1",21,1,49,95,6961,7764
"TCCTTGTCCTTTAATT-1","TCCTTGTCCTTTAATT-1",14,1,69,69,9349,5966
"TCCTTTAAATCCGCTT-1","TCCTTTAAATCCGCTT-1",17,1,56,92,7798,7555
"TCCTTTCTTACGCTTA-1","TCCTTTCTTACGCTTA-1",20,1,30,62,4678,5502
"TCGAAATTTAGGACCA-1","TCGAAATTTAGGACCA-1",26,1,29,45,4554,4332
"TCGAAGAACCGAGCAC-1","TCGAAGAACCGAGCAC-1",19,1,45,99,6483,8041
"TCGAGACCAACACCGT-1","TCGAGACCAACACCGT-1",15,1,37,55,5514,5017
"TCGAGCCAGGCAGGCC-1","TCGAGCCAGGCAGGCC-1",26,1,57,37,7904,3770
"TCGCAAAGATGCATTT-1","TCGCAAAGATGCATTT-1",16,1,47,75,6716,6389
"TCGCACCAGGAGGCAG-1","TCGCACCAGGAGGCAG-1",20,1,50,80,7077,6732
"TCGCCGAAGTTGCGTC-1","TCGCCGAAGTTGCGTC-1",29,1,45,37,6468,3775
"TCGCTACTGGCTTTGA-1","TCGCTACTGGCTTTGA-1",17,1,65,73,8871,6243
"TCGCTCGATATATTCC-1","TCGCTCGATATATTCC-1",25,1,29,63,4558,5571
"TCGCTGGGCGGATTGT-1","TCGCTGGGCGGATTGT-1",12,1,28,74,4441,6328
"TCGCTTTAAACGTTTG-1","TCGCTTTAAACGTTTG-1",15,1,25,87,4085,7224
"TCGGACGCCCAGCCCA-1","TCGGACGCCCAGCCCA-1",17,1,33,79,5041,6670
"TCGGAGTACATGAGTA-1","TCGGAGTACATGAGTA-1",16,1,32,74,4920,6327
"TCGGGAGACAGCGTAC-1","TCGGGAGACAGCGTAC-1",22,1,59,71,8152,6108
"TCGGGCCGTCGTGGTA-1","TCGGGCCGTCGTGGTA-1",18,1,40,88,5882,7286
"TCGTAAGACGACATTG-1","TCGTAAGACGACATTG-1",16,1,27,77,4322,6535
"TCGTACCGACGTCAAG-1","TCGTACCGACGTCAAG-1",22,1,68,56,9226,5072
"TCGTCAAGTACGCGCA-1","TCGTCAAGTACGCGCA-1",28,1,56,38,7785,3839
"TCGTCTTAGGCGTTAA-1","TCGTCTTAGGCGTTAA-1",16,1,53,83,7437,6937
"TCGTGTACTATGGATG-1","TCGTGTACTATGGATG-1",17,1,47,77,6717,6526
"TCGTTAGGAGTCCCTA-1","TCGTTAGGAGTCCCTA-1",20,1,52,54,7310,4942
"TCGTTGCTATCCGGTC-1","TCGTTGCTATCCGGTC-1",22,1,54,46,7547,4390
"TCTACCGTCCACAAGC-1","TCTACCGTCCACAAGC-1",18,1,27,67,4320,5847
"TCTAGCAATCTCCGCC-1","TCTAGCAATCTCCGCC-1",23,1,46,30,6585,3293
"TCTAGCATGCCCAGAA-1","TCTAGCATGCCCAGAA-1",23,1,48,66,6834,5769
"TCTAGTGATATCGTGG-1","TCTAGTGATATCGTGG-1",13,1,44,98,6363,7973
"TCTAGTTATCAGAAGA-1","TCTAGTTATCAGAAGA-1",18,1,34,54,5155,4949
"TCTATCGGTCGCAACA-1","TCTATCGGTCGCAACA-1",14,1,22,64,3720,5643
"TCTCATGAGATAGGGT-1","TCTCATGAGATAGGGT-1",19,1,49,87,6959,7214
"TCTCCCTGGGCAGCGT-1","TCTCCCTGGGCAGCGT-1",12,1,54,80,7556,6730
"TCTGAACTCGTACCCG-1","TCTGAACTCGTACCCG-1",16,1,47,95,6721,7765
"TCTGAAGCACGTGGTC-1","TCTGAAGCACGTGGTC-1",17,1,56,84,7796,7004
"TCTGAATTCCGTACAA-1","TCTGAATTCCGTACAA-1",20,1,34,94,5165,7702
"TCTGATGTATTCTGTC-1","TCTGATGTATTCTGTC-1",15,1,51,83,7197,6938
"TCTGCCAGAAACTGCA-1","TCTGCCAGAAACTGCA-1",14,1,41,79,5999,6667
"TCTGGGAACCTTTGAA-1","TCTGGGAACCTTTGAA-1",16,1,40,98,5884,7975
"TCTGGGTAGCGCTCAT-1","TCTGGGTAGCGCTCAT-1",23,1,40,36,5869,3708
"TCTGTGCCATCATAGT-1","TCTGTGCCATCATAGT-1",13,1,32,80,4922,6739
"TCTGTTACCCAGCATA-1","TCTGTTACCCAGCATA-1",15,1,51,35,7185,3635
"TCTTACTTATGCCTCT-1","TCTTACTTATGCCTCT-1",22,1,45,93,6482,7628
"TCTTAGAGTGAACTCT-1","TCTTAGAGTGAACTCT-1",12,1,43,99,6244,8042
"TCTTCCCATGGGCACA-1","TCTTCCCATGGGCACA-1",15,1,32,96,4926,7840
"TCTTCGAATAGACGTT-1","TCTTCGAATAGACGTT-1",15,1,39,71,5758,6117
"TCTTCGATACCAATAA-1","TCTTCGATACCAATAA-1",21,1,32,66,4918,5776
"TCTTGATGCGTAGCGA-1","TCTTGATGCGTAGCGA-1",20,1,32,68,4919,5914
"TCTTGCTCCCGATACT-1","TCTTGCTCCCGATACT-1",12,1,65,67,8870,5830
"TCTTGGTAACACCAAA-1","TCTTGGTAACACCAAA-1",20,1,21,65,3601,5712
"TCTTTAAGACTATGAA-1","TCTTTAAGACTATGAA-1",12,1,34,98,5166,7977
"TGAAAGGACCTGACTC-1","TGAAAGGACCTGACTC-1",12,1,35,83,5282,6945
"TGAATACCGACGCGTA-1","TGAATACCGACGCGTA-1",20,1,66,82,8993,6862
"TGAATGAGTGTTTCCC-1","TGAATGAGTGTTTCCC-1",19,1,66,50,8985,4660
"TGACCAAATCTTAAAC-1","TGACCAAATCTTAAAC-1",20,1,66,62,8988,5486
"TGACCCACGTTAGACA-1","TGACCCACGTTAGACA-1",25,1,33,47,5033,4468
"TGACGATGCACTAGAA-1","TGACGATGCACTAGAA-1",15,1,37,95,5524,7769
"TGACTATAATCCTTTC-1","TGACTATAATCCTTTC-1",19,1,46,68,6595,5908
"TGAGAGATTTACCACG-1","TGAGAGATTTACCACG-1",12,1,41,91,6002,7492
"TGAGCCATACAGTCTC-1","TGAGCCATACAGTCTC-1",32,1,42,38,6109,3845
"TGAGCGGAAAGTGTTC-1","TGAGCGGAAAGTGTTC-1",22,1,55,65,7672,5697
"TGAGGAGTGCCAGCTT-1","TGAGGAGTGCCAGCTT-1",15,1,58,58,8029,5214
"TGAGTAAATTAGCGTA-1","TGAGTAAATTAGCGTA-1",23,1,47,57,6712,5150
"TGAGTGCCTCTTAAAT-1","TGAGTGCCTCTTAAAT-1",27,1,45,41,6469,4050
"TGAGTGGTCCGTGACG-1","TGAGTGGTCCGTGACG-1",15,1,30,84,4683,7016
"TGATACATTTAGCCGT-1","TGATACATTTAGCCGT-1",20,1,55,43,7666,4183
"TGATCGGTTTGACCCT-1","TGATCGGTTTGACCCT-1",18,1,28,54,4436,4952
"TGATCTCCGGCGCCAG-1","TGATCTCCGGCGCCAG-1",18,1,28,50,4435,4677
"TGATTCCCGGTTACCT-1","TGATTCCCGGTTACCT-1",26,1,64,50,8746,4661
"TGATTCGTCTATCACT-1","TGATTCGTCTATCACT-1",20,1,31,41,4792,4056
"TGATTCTGTCGCCGGT-1","TGATTCTGTCGCCGGT-1",9,1,48,44,6828,4255
"TGATTTATTAGCTGTG-1","TGATTTATTAGCTGTG-1",29,1,38,34,5629,3571
"TGCAACCCATCTGCGG-1","TGCAACCCATCTGCGG-1",15,1,60,90,8277,7415
"TGCAAGAATGACGTAA-1","TGCAAGAATGACGTAA-1",19,1,30,60,4677,5364
"TGCAGAGTACCGAGCA-1","TGCAGAGTACCGAGCA-1",18,1,38,46,5632,4397
"TGCAGGATCGGCAAAG-1","TGCAGGATCGGCAAAG-1",9,1,24,74,3962,6330
"TGCAGTTTCCTCCCAT-1","TGCAGTTTCCTCCCAT-1",21,1,40,90,5882,7424
"TGCATATGTCTGTCAC-1","TGCATATGTCTGTCAC-1",12,1,35,85,5282,7082
"TGCATGTGGTAATCTA-1","TGCATGTGGTAATCTA-1",15,1,29,81,4563,6810
"TGCCAATGGGTACTCT-1","TGCCAATGGGTACTCT-1",24,1,54,52,7549,4803
"TGCCACACTAGAGGAA-1","TGCCACACTAGAGGAA-1",1,1,43,3,6220,1436
"TGCCAGTACGTGGAGA-1","TGCCAGTACGTGGAGA-1",21,1,51,71,7194,6112
"TGCCATTACTAAAGAA-1","TGCCATTACTAAAGAA-1",15,1,21,87,3606,7226
"TGCCCGTACCGTTAAA-1","TGCCCGTACCGTTAAA-1",11,1,45,75,6477,6390
"TGCCGTGGATCGTCCT-1","TGCCGTGGATCGTCCT-1",23,1,57,63,7911,5559
"TGCCTGATCAAACGAT-1","TGCCTGATCAAACGAT-1",19,1,20,70,3482,6057
"TGCCTTGGCCAGGCAA-1","TGCCTTGGCCAGGCAA-1",16,1,52,82,7317,6868
"TGCGACACCCTAGTGC-1","TGCGACACCCTAGTGC-1",22,1,46,46,6589,4394
"TGCGAGAATATTACCC-1","TGCGAGAATATTACCC-1",20,1,50,40,7067,3979
"TGCGCAAAGCATTTGG-1","TGCGCAAAGCATTTGG-1",20,1,31,67,4799,5845
"TGCGGAGTAAAGGTGC-1","TGCGGAGTAAAGGTGC-1",23,1,22,70,3722,6056
"TGCGTAAGAACCTGAT-1","TGCGTAAGAACCTGAT-1",13,1,43,43,6230,4189
"TGCGTTTGTTGACACT-1","TGCGTTTGTTGACACT-1",15,1,42,76,6118,6460
"TGCTAAGTGTCTATTT-1","TGCTAAGTGTCTATTT-1",15,1,52,90,7319,7419
"TGCTCCACAGTTCTTA-1","TGCTCCACAGTTCTTA-1",17,1,45,95,6482,7766
"TGCTCGGCGAAACCCA-1","TGCTCGGCGAAACCCA-1",19,1,57,61,7910,5421
"TGCTCGGTGGGTCACC-1","TGCTCGGTGGGTCACC-1",10,1,66,72,8991,6174
"TGCTCTTGAGAGTTTG-1","TGCTCTTGAGAGTTTG-1",17,1,64,70,8751,6037
"TGCTGTTGAAGAACTC-1","TGCTGTTGAAGAACTC-1",19,1,38,66,5637,5773
"TGCTTCCCAAGCAGTA-1","TGCTTCCCAAGCAGTA-1",23,1,62,66,8510,5763
"TGGAAGAAGGGAACGT-1","TGGAAGAAGGGAACGT-1",25,1,39,35,5749,3640
"TGGAAGGATAAAGATG-1","TGGAAGGATAAAGATG-1",22,1,20,68,3482,5919
"TGGACCAATCTAAGAT-1","TGGACCAATCTAAGAT-1",19,1,62,80,8514,6726
"TGGACTGTTCGCTCAA-1","TGGACTGTTCGCTCAA-1",12,1,37,73,5519,6256
"TGGAGTGATGCGATGA-1","TGGAGTGATGCGATGA-1",25,1,29,41,4553,4057
"TGGCAAACTAAATTAC-1","TGGCAAACTAAATTAC-1",22,1,50,78,7076,6594
"TGGCAACTCGCGCGCC-1","TGGCAACTCGCGCGCC-1",11,1,22,86,3726,7157
"TGGCAAGCACAAGTCG-1","TGGCAAGCACAAGTCG-1",23,1,66,56,8987,5073
"TGGCAGATTACGATCA-1","TGGCAGATTACGATCA-1",18,1,44,58,6353,5220
"TGGCAGCAGTAATAGT-1","TGGCAGCAGTAATAGT-1",20,1,39,61,5755,5429
"TGGCCAAACTGAAGTA-1","TGGCCAAACTGAAGTA-1",16,1,28,76,4442,6466
"TGGCGACTGCTCCAAA-1","TGGCGACTGCTCCAAA-1",21,1,55,47,7667,4459
"TGGCGATCAAGTTATG-1","TGGCGATCAAGTTATG-1",22,1,51,55,7190,5011
"TGGCTATGTGACATAC-1","TGGCTATGTGACATAC-1",15,1,60,82,8275,6865
"TGGGCCCATACTAATT-1","TGGGCCCATACTAATT-1",16,1,47,89,6720,7352
"TGGGCGATACAATAAG-1","TGGGCGATACAATAAG-1",9,1,68,62,9228,5485
"TGGGTGCACAAGCCAT-1","TGGGTGCACAAGCCAT-1",1,1,69,85,9353,7067
"TGGTCCCACGCTACGG-1","TGGTCCCACGCTACGG-1",17,1,52,74,7315,6318
"TGGTTCAACGGGTAAT-1","TGGTTCAACGGGTAAT-1",14,1,50,74,7075,6319
"TGGTTCGTAGCAAAGG-1","TGGTTCGTAGCAAAGG-1",20,1,23,55,3838,5023
"TGTACCTACACGAGGG-1","TGTACCTACACGAGGG-1",14,1,59,91,8157,7485
"TGTACGAACAAATCCG-1","TGTACGAACAAATCCG-1",20,1,38,58,5635,5223
"TGTAGGAGAAATTTCC-1","TGTAGGAGAAATTTCC-1",8,1,34,86,5163,7151
"TGTAGTGATCTATAAT-1","TGTAGTGATCTATAAT-1",25,1,35,33,5269,3504
"TGTATAACAGATCCTG-1","TGTATAACAGATCCTG-1",12,1,29,79,4562,6672
"TGTATGGCGCAGACAG-1","TGTATGGCGCAGACAG-1",17,1,43,93,6242,7629
"TGTGACTACGCCAGTC-1","TGTGACTACGCCAGTC-1",16,1,21,73,3603,6263
"TGTGAGACTAGCCCAA-1","TGTGAGACTAGCCCAA-1",8,1,59,63,8150,5558
"TGTGCCGGTGCCGGAA-1","TGTGCCGGTGCCGGAA-1",5,1,53,97,7440,7900
"TGTGGCAAAGCGTATG-1","TGTGGCAAAGCGTATG-1",19,1,29,87,4564,7222
"TGTGGCGGGCTTCTGG-1","TGTGGCGGGCTTCTGG-1",16,1,65,59,8868,5280
"TGTGGTTGCTAAAGCT-1","TGTGGTTGCTAAAGCT-1",28,1,65,49,8865,4592
"TGTTATTGTATGTGGC-1","TGTTATTGTATGTGGC-1",10,1,44,86,6360,7147
"TGTTCCGCTTCCATGA-1","TGTTCCGCTTCCATGA-1",20,1,36,44,5392,4260
"TGTTCCGGCCTGAGCT-1","TGTTCCGGCCTGAGCT-1",20,1,70,66,9468,5760
"TGTTCGTATTGCGGTG-1","TGTTCGTATTGCGGTG-1",25,1,49,61,6952,5425
"TGTTCTTCCATTGACT-1","TGTTCTTCCATTGACT-1",29,1,33,43,5032,4193
"TGTTGTCAAGAAGTCT-1","TGTTGTCAAGAAGTCT-1",12,1,24,82,3964,6881
"TTAAACTCGAATTCAT-1","TTAAACTCGAATTCAT-1",11,1,31,95,4806,7772
"TTAAGATAGGATTGAC-1","TTAAGATAGGATTGAC-1",4,1,43,101,6244,8180
"TTAAGCGCCTGACCCA-1","TTAAGCGCCTGACCCA-1",20,1,30,44,4673,4263
"TTAATGTAGACCAGGT-1","TTAATGTAGACCAGGT-1",24,1,30,68,4679,5915
"TTAATTGCTTTGGGTG-1","TTAATTGCTTTGGGTG-1",22,1,62,76,8513,6451
"TTACAACTACGCATCC-1","TTACAACTACGCATCC-1",20,1,24,52,3957,4816
"TTACCCTAGGGATTGG-1","TTACCCTAGGGATTGG-1",18,1,60,58,8269,5213
"TTACGGATGGTTCGAG-1","TTACGGATGGTTCGAG-1",13,1,33,93,5045,7634
"TTACTAAAGGACTTTA-1","TTACTAAAGGACTTTA-1",19,1,48,78,6837,6595
"TTACTCCGGCCGGGAA-1","TTACTCCGGCCGGGAA-1",9,1,34,78,5161,6601
"TTACTCTGGTACGTAC-1","TTACTCTGGTACGTAC-1",31,1,43,31,6227,3363
"TTACTGGGATATTTCA-1","TTACTGGGATATTTCA-1",22,1,44,54,6352,4945
"TTAGAAGAACATGACT-1","TTAGAAGAACATGACT-1",21,1,52,64,7312,5630
"TTAGAATAAGGGTCGG-1","TTAGAATAAGGGTCGG-1",20,1,61,45,8385,4318
"TTAGACGAGTCACCTC-1","TTAGACGAGTCACCTC-1",10,1,48,80,6837,6732
"TTAGAGTTTAGAAGGA-1","TTAGAGTTTAGAAGGA-1",12,1,46,86,6599,7146
"TTAGCTGATTTGCCGT-1","TTAGCTGATTTGCCGT-1",11,1,38,94,5644,7700
"TTAGGTCATAACCGAC-1","TTAGGTCATAACCGAC-1",23,1,58,38,8024,3838
"TTAGTTATTCGTGGCA-1","TTAGTTATTCGTGGCA-1",10,1,47,91,6720,7490
"TTATAGGTAATTGTCT-1","TTATAGGTAATTGTCT-1",13,1,61,73,8392,6245
"TTATATACGCTGTCAC-1","TTATATACGCTGTCAC-1",22,1,38,74,5639,6324
"TTATATTTGGCAATCC-1","TTATATTTGGCAATCC-1",16,1,26,64,4199,5641
"TTATCCGGGATCTATA-1","TTATCCGGGATCTATA-1",12,1,51,87,7198,7213
"TTATCTGTATCATAAC-1","TTATCTGTATCATAAC-1",16,1,22,60,3719,5368
"TTATGAATGAAAGGGA-1","TTATGAATGAAAGGGA-1",22,1,41,63,5995,5566
"TTATGATCTTAACGAA-1","TTATGATCTTAACGAA-1",18,1,38,82,5641,6874
"TTATTAGAGCGTGTTC-1","TTATTAGAGCGTGTTC-1",17,1,46,70,6595,6045
"TTCAAAGTCTCTAGCC-1","TTCAAAGTCTCTAGCC-1",13,1,35,75,5280,6394
"TTCAATACTCTGAATC-1","TTCAATACTCTGAATC-1",12,1,38,86,5642,7150
"TTCACGAAAGGATCAC-1","TTCACGAAAGGATCAC-1",22,1,38,54,5634,4948
"TTCACTCGAGCACCTA-1","TTCACTCGAGCACCTA-1",8,1,55,69,7673,5972
"TTCACTTCCTAGAACG-1","TTCACTTCCTAGAACG-1",20,1,67,51,9105,4729
"TTCAGCCCTGGTCCAC-1","TTCAGCCCTGGTCCAC-1",19,1,47,85,6719,7077
"TTCAGCTGGCGTGCCC-1","TTCAGCTGGCGTGCCC-1",12,1,55,95,7679,7762
"TTCCAATCTGGCTATC-1","TTCCAATCTGGCTATC-1",21,1,48,46,6829,4393
"TTCCACACAGATTTGA-1","TTCCACACAGATTTGA-1",19,1,50,46,7068,4392
"TTCCGCGTGAGGCGAT-1","TTCCGCGTGAGGCGAT-1",18,1,46,64,6594,5632
"TTCCGGCCTTGAGGCT-1","TTCCGGCCTTGAGGCT-1",25,1,54,44,7547,4253
"TTCCGGTTACCCACTT-1","TTCCGGTTACCCACTT-1",19,1,45,87,6480,7215
"TTCCTCGGACTAACCA-1","TTCCTCGGACTAACCA-1",23,1,50,86,7078,7144
"TTCGACAGAGCCCGTG-1","TTCGACAGAGCCCGTG-1",21,1,52,68,7313,5905
"TTCGCACTGTACGACA-1","TTCGCACTGTACGACA-1",13,1,61,59,8389,5282
"TTCGCGCGCCATACGA-1","TTCGCGCGCCATACGA-1",21,1,59,47,8146,4457
"TTCGGGACTAATCGCG-1","TTCGGGACTAATCGCG-1",22,1,36,72,5399,6187
"TTCGGGCGCTAGTCTT-1","TTCGGGCGCTAGTCTT-1",27,1,55,37,7665,3770
"TTCGGTACTGTAGAGG-1","TTCGGTACTGTAGAGG-1",26,1,67,63,9108,5554
"TTCTAACCGAAGCTTA-1","TTCTAACCGAAGCTTA-1",9,1,34,90,5164,7427
"TTCTAGAAAGTCTTAT-1","TTCTAGAAAGTCTTAT-1",30,1,60,46,8266,4388
"TTCTATTAAACGCAGC-1","TTCTATTAAACGCAGC-1",21,1,67,55,9106,5004
"TTCTGACCGGGCTCAA-1","TTCTGACCGGGCTCAA-1",16,1,52,84,7317,7006
"TTCTGCCGCGCCTAGA-1","TTCTGCCGCGCCTAGA-1",21,1,49,69,6954,5975
"TTCTGCGGGTTAGCGG-1","TTCTGCGGGTTAGCGG-1",17,1,40,80,5880,6736
"TTCTTGAGCCGCGCTA-1","TTCTTGAGCCGCGCTA-1",21,1,47,41,6708,4049
"TTCTTGGACGATCTGC-1","TTCTTGGACGATCTGC-1",33,1,52,32,7304,3428
"TTCTTGGAGTAATGAG-1","TTCTTGGAGTAATGAG-1",14,1,21,79,3604,6675
"TTGAACGACGTGCTGA-1","TTGAACGACGTGCTGA-1",18,1,60,88,8276,7278
"TTGAAGAATTCCCAGG-1","TTGAAGAATTCCCAGG-1",19,1,32,50,4914,4675
"TTGAATATGGACTTTC-1","TTGAATATGGACTTTC-1",13,1,34,76,5160,6463
"TTGAATTCACGTGAGG-1","TTGAATTCACGTGAGG-1",12,1,39,97,5764,7906
"TTGACAGGAGCTCCCG-1","TTGACAGGAGCTCCCG-1",17,1,47,99,6722,8040
"TTGACATGAACGTGGA-1","TTGACATGAACGTGGA-1",27,1,44,32,6347,3431
"TTGACCAGGAACAACT-1","TTGACCAGGAACAACT-1",12,1,64,80,8753,6726
"TTGACCATGTTCTCCG-1","TTGACCATGTTCTCCG-1",9,1,24,78,3963,6605
"TTGACCGTGTTAATGA-1","TTGACCGTGTTAATGA-1",21,1,50,34,7065,3566
"TTGACGCTCCATGAGC-1","TTGACGCTCCATGAGC-1",11,1,41,101,6005,8181
"TTGACTACCATATGGT-1","TTGACTACCATATGGT-1",21,1,43,41,6229,4051
"TTGAGAAGTTTAGCAT-1","TTGAGAAGTTTAGCAT-1",16,1,55,87,7677,7211
"TTGAGAGTACTGCTAA-1","TTGAGAGTACTGCTAA-1",23,1,44,38,6348,3844
"TTGATCTAACTTTGTC-1","TTGATCTAACTTTGTC-1",22,1,29,47,4554,4470
"TTGATGTGTAGTCCCG-1","TTGATGTGTAGTCCCG-1",12,1,24,90,3966,7431
"TTGATTAGCTGTTTCT-1","TTGATTAGCTGTTTCT-1",26,1,48,34,6826,3567
"TTGCAAGAAGACTCCT-1","TTGCAAGAAGACTCCT-1",6,1,70,68,9469,5897
"TTGCACAATTCAGAAA-1","TTGCACAATTCAGAAA-1",18,1,43,57,6233,5152
"TTGCACGGAGCAGCAC-1","TTGCACGGAGCAGCAC-1",14,1,21,59,3599,5299
"TTGCATGCTGATCACG-1","TTGCATGCTGATCACG-1",27,1,41,35,5988,3639
"TTGCCCTGATCACGGG-1","TTGCCCTGATCACGGG-1",26,1,36,34,5389,3572
"TTGCCGCTTTCTAGTA-1","TTGCCGCTTTCTAGTA-1",17,1,62,78,8513,6589
"TTGCGGCATCAGAAAG-1","TTGCGGCATCAGAAAG-1",26,1,53,45,7427,4322
"TTGCGTCGGCCAACCG-1","TTGCGTCGGCCAACCG-1",15,1,51,41,7187,4047
"TTGCTCCCATACCGGA-1","TTGCTCCCATACCGGA-1",12,1,22,72,3722,6193
"TTGCTGATCATGTTCG-1","TTGCTGATCATGTTCG-1",15,1,33,57,5036,5156
"TTGGACCTATAACAGT-1","TTGGACCTATAACAGT-1",21,1,56,86,7797,7142
"TTGGATATCGTCTACG-1","TTGGATATCGTCTACG-1",23,1,48,52,6830,4806
"TTGGGAAGACGAGCCG-1","TTGGGAAGACGAGCCG-1",15,1,68,64,9228,5623
"TTGGGACACTGCCCGC-1","TTGGGACACTGCCCGC-1",7,1,28,70,4440,6053
"TTGGGCGGCGGTTGCC-1","TTGGGCGGCGGTTGCC-1",12,1,30,76,4681,6465
"TTGGTCACACTCGTAA-1","TTGGTCACACTCGTAA-1",25,1,48,48,6829,4530
"TTGTAAGGACCTAAGT-1","TTGTAAGGACCTAAGT-1",31,1,46,32,6586,3430
"TTGTAAGGCCAGTTGG-1","TTGTAAGGCCAGTTGG-1",10,1,27,81,4323,6810
"TTGTAATCCGTACTCG-1","TTGTAATCCGTACTCG-1",23,1,35,55,5275,5018
"TTGTCGTTCAGTTACC-1","TTGTCGTTCAGTTACC-1",23,1,22,58,3719,5230
"TTGTGAACCTAATCCG-1","TTGTGAACCTAATCCG-1",20,1,56,90,7798,7417
"TTGTGCAGCCACGTCA-1","TTGTGCAGCCACGTCA-1",12,1,60,74,8273,6314
"TTGTGGTAGGAGGGAT-1","TTGTGGTAGGAGGGAT-1",29,1,50,28,7064,3153
"TTGTGTATGCCACCAA-1","TTGTGTATGCCACCAA-1",29,1,56,60,7790,5353
"TTGTGTTTCCCGAAAG-1","TTGTGTTTCCCGAAAG-1",20,1,51,59,7191,5286
"TTGTTCAGTGTGCTAC-1","TTGTTCAGTGTGCTAC-1",18,1,24,64,3960,5642
"TTGTTGTGTGTCAAGA-1","TTGTTGTGTGTCAAGA-1",14,1,31,77,4801,6533
"TTGTTTCACATCCAGG-1","TTGTTTCACATCCAGG-1",26,1,58,42,8025,4113
